Date,TOTBKCR
1973-01-03,567.2553
1973-01-10,565.5054
1973-01-17,565.3477
1973-01-24,565.1737
1973-01-31,569.7089
1973-02-07,571.2254
1973-02-14,573.5717
1973-02-21,574.7042
1973-02-28,577.518
1973-03-07,581.5757
1973-03-14,582.7181
1973-03-21,584.2137
1973-03-28,586.1701
1973-04-04,587.5392
1973-04-11,589.1442
1973-04-18,589.1377
1973-04-25,591.1341
1973-05-02,593.4399
1973-05-09,594.5321
1973-05-16,594.4818
1973-05-23,595.4865
1973-05-30,598.963
1973-06-06,601.5
1973-06-13,602.8771
1973-06-20,603.5501
1973-06-27,605.4626
1973-07-04,606.8473
1973-07-11,609.9411
1973-07-18,608.9051
1973-07-25,610.7133
1973-08-01,613.3477
1973-08-08,614.9775
1973-08-15,618.6221
1973-08-22,615.5519
1973-08-29,616.2351
1973-09-05,620.4894
1973-09-12,621.1427
1973-09-19,620.4723
1973-09-26,622.0711
1973-10-03,623.3404
1973-10-10,626.2011
1973-10-17,623.7863
1973-10-24,625.8254
1973-10-31,627.4142
1973-11-07,632.1742
1973-11-14,629.6947
1973-11-21,631.272
1973-11-28,631.6332
1973-12-05,636.3865
1973-12-12,638.7466
1973-12-19,640.099
1973-12-26,645.2428
1974-01-02,644.9049
1974-01-09,643.2164
1974-01-16,644.2714
1974-01-23,645.1132
1974-01-30,645.0434
1974-02-06,647.3202
1974-02-13,646.7248
1974-02-20,648.1402
1974-02-27,649.7123
1974-03-06,654.7801
1974-03-13,655.7101
1974-03-20,657.4908
1974-03-27,660.8952
1974-04-03,666.7548
1974-04-10,668.9034
1974-04-17,671.3413
1974-04-24,670.7133
1974-05-01,674.2538
1974-05-08,673.7612
1974-05-15,675.6747
1974-05-22,674.9901
1974-05-29,676.3028
1974-06-05,679.3084
1974-06-12,681.1222
1974-06-19,682.6979
1974-06-26,683.8853
1974-07-03,686.078
1974-07-10,686.1277
1974-07-17,686.2906
1974-07-24,686.3538
1974-07-31,690.3408
1974-08-07,691.0397
1974-08-14,690.9209
1974-08-21,690.7183
1974-08-28,692.2409
1974-09-04,692.9515
1974-09-11,695.0395
1974-09-18,694.152
1974-09-25,691.9667
1974-10-02,692.5638
1974-10-09,693.7354
1974-10-16,693.917
1974-10-23,693.2164
1974-10-30,693.5605
1974-11-06,694.599
1974-11-13,696.7992
1974-11-20,696.5027
1974-11-27,696.6358
1974-12-04,700.3472
1974-12-11,701.414
1974-12-18,703.4548
1974-12-25,704.0068
1975-01-01,707.1556
1975-01-08,703.5225
1975-01-15,701.7357
1975-01-22,698.1405
1975-01-29,696.8606
1975-02-05,697.2
1975-02-12,693.9701
1975-02-19,697.3089
1975-02-26,696.0499
1975-03-05,700.4742
1975-03-12,700.9701
1975-03-19,700.7331
1975-03-26,699.6054
1975-04-02,700.431
1975-04-09,703.3214
1975-04-16,705.2144
1975-04-23,702.9919
1975-04-30,704.9045
1975-05-07,705.2927
1975-05-14,704.2365
1975-05-21,704.6976
1975-05-28,705.0104
1975-06-04,706.0105
1975-06-11,709.2187
1975-06-18,710.1087
1975-06-25,708.7019
1975-07-02,709.4179
1975-07-09,710.0552
1975-07-16,708.9294
1975-07-23,709.0077
1975-07-30,709.613
1975-08-06,711.0877
1975-08-13,711.468
1975-08-20,712.7599
1975-08-27,712.043
1975-09-03,714.971
1975-09-10,716.8982
1975-09-17,717.3362
1975-09-24,717.0995
1975-10-01,720.3392
1975-10-08,720.4281
1975-10-15,720.0774
1975-10-22,720.0509
1975-10-29,719.4138
1975-11-05,720.9696
1975-11-12,721.0585
1975-11-19,721.2255
1975-11-26,726.6598
1975-12-03,726.9881
1975-12-10,730.2733
1975-12-17,733.5308
1975-12-24,734.3924
1975-12-31,738.2839
1976-01-07,730.5494
1976-01-14,730.6658
1976-01-21,729.2212
1976-01-28,729.9663
1976-02-04,731.0805
1976-02-11,730.456
1976-02-18,733.2271
1976-02-25,731.92
1976-03-03,734.0081
1976-03-10,737.6557
1976-03-17,738.9317
1976-03-24,739.5316
1976-03-31,740.1142
1976-04-07,741.5661
1976-04-14,743.5574
1976-04-21,745.7793
1976-04-28,744.6244
1976-05-05,744.3747
1976-05-12,745.082
1976-05-19,748.3544
1976-05-26,748.2618
1976-06-02,752.1742
1976-06-09,752.7434
1976-06-16,753.896
1976-06-23,752.8462
1976-06-30,757.8391
1976-07-07,752.8198
1976-07-14,754.5687
1976-07-21,755.0462
1976-07-28,754.2612
1976-08-04,755.655
1976-08-11,758.2642
1976-08-18,760.461
1976-08-25,760.4326
1976-09-01,761.958
1976-09-08,760.1676
1976-09-15,764.3446
1976-09-22,765.9532
1976-09-29,767.2831
1976-10-06,770.273
1976-10-13,769.9942
1976-10-20,772.8405
1976-10-27,773.9386
1976-11-03,775.4842
1976-11-10,775.3244
1976-11-17,781.3701
1976-11-24,782.1475
1976-12-01,785.6417
1976-12-08,788.7363
1976-12-15,793.2252
1976-12-22,794.4618
1976-12-29,796.7592
1977-01-05,793.3387
1977-01-12,794.1697
1977-01-19,794.1092
1977-01-26,792.0722
1977-02-02,793.2889
1977-02-09,795.0884
1977-02-16,798.8105
1977-02-23,798.8051
1977-03-02,802.6789
1977-03-09,805.3608
1977-03-16,808.9079
1977-03-23,808.3654
1977-03-30,808.9481
1977-04-06,813.1719
1977-04-13,813.5698
1977-04-20,818.4968
1977-04-27,817.8338
1977-05-04,819.8767
1977-05-11,821.7338
1977-05-18,823.1978
1977-05-25,824.1922
1977-06-01,826.3744
1977-06-08,828.051
1977-06-15,832.5348
1977-06-22,830.813
1977-06-29,832.7858
1977-07-06,831.7431
1977-07-13,834.049
1977-07-20,836.8743
1977-07-27,836.7833
1977-08-03,839.0736
1977-08-10,841.4877
1977-08-17,843.131
1977-08-24,843.1551
1977-08-31,846.0543
1977-09-07,849.5581
1977-09-14,850.0069
1977-09-21,852.0581
1977-09-28,852.7453
1977-10-05,852.9159
1977-10-12,855.1299
1977-10-19,858.9331
1977-10-26,860.043
1977-11-02,861.6313
1977-11-09,863.6474
1977-11-16,865.8598
1977-11-23,866.5754
1977-11-30,868.997
1977-12-07,873.3249
1977-12-14,875.2132
1977-12-21,880.2024
1977-12-28,881.8564
1978-01-04,881.2524
1978-01-11,882.266
1978-01-18,879.8093
1978-01-25,881.9196
1978-02-01,884.2041
1978-02-08,886.8839
1978-02-15,887.606
1978-02-22,888.4432
1978-03-01,893.3942
1978-03-08,897.595
1978-03-15,901.551
1978-03-22,900.8647
1978-03-29,903.1088
1978-04-05,907.9003
1978-04-12,910.7129
1978-04-19,914.4345
1978-04-26,914.9229
1978-05-03,916.1701
1978-05-10,918.3617
1978-05-17,918.832
1978-05-24,921.1077
1978-05-31,927.5734
1978-06-07,930.7082
1978-06-14,932.0811
1978-06-21,934.9719
1978-06-28,937.5672
1978-07-05,938.9497
1978-07-12,940.137
1978-07-19,941.296
1978-07-26,944.4363
1978-08-02,944.782
1978-08-09,944.828
1978-08-16,948.0567
1978-08-23,949.6705
1978-08-30,951.9846
1978-09-06,956.5278
1978-09-13,958.085
1978-09-20,963.2119
1978-09-27,965.6437
1978-10-04,966.2436
1978-10-11,970.0522
1978-10-18,970.6963
1978-10-25,973.8759
1978-11-01,979.0093
1978-11-08,978.61
1978-11-15,983.612
1978-11-22,985.9617
1978-11-29,987.7472
1978-12-06,989.436
1978-12-13,993.0338
1978-12-20,997.9168
1978-12-27,1001.0723
1979-01-03,994.009
1979-01-10,997.9384
1979-01-17,998.1658
1979-01-24,1003.2533
1979-01-31,1003.0688
1979-02-07,1004.4531
1979-02-14,1006.4324
1979-02-21,1009.523
1979-02-28,1011.2248
1979-03-07,1013.8077
1979-03-14,1016.7339
1979-03-21,1022.0612
1979-03-28,1024.8134
1979-04-04,1028.8389
1979-04-11,1033.452
1979-04-18,1036.9082
1979-04-25,1038.4732
1979-05-02,1038.9254
1979-05-09,1042.4794
1979-05-16,1045.64
1979-05-23,1048.7776
1979-05-30,1050.1816
1979-06-06,1054.5587
1979-06-13,1058.2342
1979-06-20,1062.0173
1979-06-27,1065.2979
1979-07-04,1068.2084
1979-07-11,1074.2609
1979-07-18,1074.0401
1979-07-25,1078.262
1979-08-01,1077.9415
1979-08-08,1078.9
1979-08-15,1081.7357
1979-08-22,1083.9171
1979-08-29,1085.6484
1979-09-05,1092.1745
1979-09-12,1095.6206
1979-09-19,1101.3623
1979-09-26,1102.0782
1979-10-03,1100.2006
1979-10-10,1105.1174
1979-10-17,1104.2121
1979-10-24,1104.97
1979-10-31,1104.8039
1979-11-07,1102.4274
1979-11-14,1105.1851
1979-11-21,1103.6959
1979-11-28,1102.8665
1979-12-05,1106.9267
1979-12-12,1109.3383
1979-12-19,1110.4019
1979-12-26,1111.935
1980-01-02,1110.9161
1980-01-09,1113.3075
1980-01-16,1114.0063
1980-01-23,1116.5121
1980-01-30,1115.6048
1980-02-06,1122.7838
1980-02-13,1126.0171
1980-02-20,1130.7715
1980-02-27,1130.8365
1980-03-05,1134.9727
1980-03-12,1137.7391
1980-03-19,1137.63
1980-03-26,1138.9039
1980-04-02,1140.9894
1980-04-09,1141.392
1980-04-16,1139.379
1980-04-23,1139.2984
1980-04-30,1140.0037
1980-05-07,1135.6717
1980-05-14,1137.9398
1980-05-21,1137.8052
1980-05-28,1137.3376
1980-06-04,1134.7084
1980-06-11,1135.9319
1980-06-18,1136.1372
1980-06-25,1138.966
1980-07-02,1139.0132
1980-07-09,1141.95
1980-07-16,1144.4518
1980-07-23,1147.8602
1980-07-30,1147.6551
1980-08-06,1153.1806
1980-08-13,1153.986
1980-08-20,1158.2987
1980-08-27,1160.4721
1980-09-03,1160.6688
1980-09-10,1162.8088
1980-09-17,1164.5409
1980-09-24,1166.1341
1980-10-01,1171.9224
1980-10-08,1172.906
1980-10-15,1176.6534
1980-10-22,1180.4111
1980-10-29,1183.3956
1980-11-05,1189.8252
1980-11-12,1193.9636
1980-11-19,1195.88
1980-11-26,1200.2973
1980-12-03,1200.2659
1980-12-10,1207.1323
1980-12-17,1206.8186
1980-12-24,1207.9353
1980-12-31,1209.843
1981-01-07,1210.1057
1981-01-14,1214.0636
1981-01-21,1215.2739
1981-01-28,1217.162
1981-02-04,1218.9052
1981-02-11,1218.8664
1981-02-18,1219.8084
1981-02-25,1222.2329
1981-03-04,1223.8402
1981-03-11,1222.7569
1981-03-18,1224.1955
1981-03-25,1224.8175
1981-04-01,1230.7584
1981-04-08,1229.8242
1981-04-15,1232.6869
1981-04-22,1235.4538
1981-04-29,1239.3042
1981-05-06,1245.146
1981-05-13,1246.4132
1981-05-20,1247.6322
1981-05-27,1250.0673
1981-06-03,1254.1997
1981-06-10,1253.8388
1981-06-17,1258.2996
1981-06-24,1258.0205
1981-07-01,1261.7867
1981-07-08,1259.1122
1981-07-15,1262.3508
1981-07-22,1263.6449
1981-07-29,1266.457
1981-08-05,1271.1281
1981-08-12,1270.2756
1981-08-19,1267.1769
1981-08-26,1272.0373
1981-09-02,1274.0235
1981-09-09,1274.2998
1981-09-16,1275.9349
1981-09-23,1275.3978
1981-09-30,1285.6042
1981-10-07,1281.5583
1981-10-14,1282.4449
1981-10-21,1285.5302
1981-10-28,1284.2704
1981-11-04,1286.2911
1981-11-11,1288.0971
1981-11-18,1288.7857
1981-11-25,1293.4231
1981-12-02,1295.2615
1981-12-09,1284.7978
1981-12-16,1285.794
1981-12-23,1283.139
1981-12-30,1285.1743
1982-01-06,1283.7744
1982-01-13,1288.2709
1982-01-20,1288.9696
1982-01-27,1295.4951
1982-02-03,1297.9664
1982-02-10,1302.4513
1982-02-17,1304.492
1982-02-24,1307.9502
1982-03-03,1305.1615
1982-03-10,1308.2939
1982-03-17,1310.5774
1982-03-24,1312.9758
1982-03-31,1319.8699
1982-04-07,1327.8444
1982-04-14,1325.338
1982-04-21,1325.6389
1982-04-28,1325.1596
1982-05-05,1330.7098
1982-05-12,1332.4197
1982-05-19,1332.6464
1982-05-26,1339.0528
1982-06-02,1338.164
1982-06-09,1343.0416
1982-06-16,1341.4915
1982-06-23,1342.4197
1982-06-30,1346.2365
1982-07-07,1345.661
1982-07-14,1349.1703
1982-07-21,1348.6536
1982-07-28,1352.3263
1982-08-04,1351.712
1982-08-11,1354.2678
1982-08-18,1354.8539
1982-08-25,1355.8288
1982-09-01,1359.4057
1982-09-08,1360.9645
1982-09-15,1364.1927
1982-09-22,1365.4441
1982-09-29,1367.0864
1982-10-06,1370.9729
1982-10-13,1374.0784
1982-10-20,1375.0521
1982-10-27,1376.2131
1982-11-03,1375.5293
1982-11-10,1374.7263
1982-11-17,1373.4456
1982-11-24,1375.4433
1982-12-01,1375.5578
1982-12-08,1381.2567
1982-12-15,1381.5847
1982-12-22,1384.6879
1982-12-29,1381.5345
1983-01-05,1389.3978
1983-01-12,1390.4399
1983-01-19,1392.3926
1983-01-26,1396.8702
1983-02-02,1399.5274
1983-02-09,1398.6385
1983-02-16,1399.799
1983-02-23,1400.5734
1983-03-02,1409.3736
1983-03-09,1410.1885
1983-03-16,1414.1423
1983-03-23,1417.0822
1983-03-30,1420.6187
1983-04-06,1424.6058
1983-04-13,1423.9546
1983-04-20,1429.2003
1983-04-27,1430.1645
1983-05-04,1431.3104
1983-05-11,1435.5076
1983-05-18,1438.5392
1983-05-25,1441.6828
1983-06-01,1449.6867
1983-06-08,1452.646
1983-06-15,1456.4468
1983-06-22,1456.9079
1983-06-29,1459.3899
1983-07-06,1463.7808
1983-07-13,1462.7298
1983-07-20,1468.3315
1983-07-27,1470.1174
1983-08-03,1473.1312
1983-08-10,1474.6796
1983-08-17,1478.8076
1983-08-24,1482.8445
1983-08-31,1485.0276
1983-09-07,1486.9481
1983-09-14,1488.2242
1983-09-21,1493.1248
1983-09-28,1493.6567
1983-10-05,1499.6836
1983-10-12,1504.3779
1983-10-19,1505.9308
1983-10-26,1513.2891
1983-11-02,1514.217
1983-11-09,1520.8426
1983-11-16,1522.9934
1983-11-23,1524.8604
1983-11-30,1525.5671
1983-12-07,1531.3727
1983-12-14,1534.4067
1983-12-21,1534.4925
1983-12-28,1533.5048
1984-01-04,1535.5814
1984-01-11,1538.4639
1984-01-18,1538.1949
1984-01-25,1540.6374
1984-02-01,1546.2331
1984-02-08,1551.4433
1984-02-15,1561.9857
1984-02-22,1561.1439
1984-02-29,1567.1404
1984-03-07,1568.5382
1984-03-14,1574.6253
1984-03-21,1575.6897
1984-03-28,1576.6937
1984-04-04,1586.2913
1984-04-11,1584.3952
1984-04-18,1593.242
1984-04-25,1598.0424
1984-05-02,1599.4862
1984-05-09,1604.8112
1984-05-16,1605.6007
1984-05-23,1610.869
1984-05-30,1613.9166
1984-06-06,1617.8632
1984-06-13,1617.7083
1984-06-20,1622.1593
1984-06-27,1625.8716
1984-07-04,1629.0122
1984-07-11,1633.393
1984-07-18,1631.122
1984-07-25,1638.459
1984-08-01,1637.5313
1984-08-08,1639.407
1984-08-15,1642.7117
1984-08-22,1644.6731
1984-08-29,1645.8431
1984-09-05,1647.3261
1984-09-12,1654.9004
1984-09-19,1657.8551
1984-09-26,1659.0939
1984-10-03,1656.4697
1984-10-10,1664.0927
1984-10-17,1664.2809
1984-10-24,1667.2263
1984-10-31,1677.3993
1984-11-07,1679.0543
1984-11-14,1683.1042
1984-11-21,1683.3592
1984-11-28,1679.5113
1984-12-05,1689.6433
1984-12-12,1693.0082
1984-12-19,1698.3171
1984-12-26,1700.3957
1985-01-02,1695.7083
1985-01-09,1700.6569
1985-01-16,1700.3702
1985-01-23,1706.4015
1985-01-30,1708.0116
1985-02-06,1717.8132
1985-02-13,1719.8875
1985-02-20,1723.969
1985-02-27,1726.1646
1985-03-06,1730.9318
1985-03-13,1733.3143
1985-03-20,1738.1321
1985-03-27,1742.0959
1985-04-03,1729.9689
1985-04-10,1730.6634
1985-04-17,1736.2715
1985-04-24,1742.2922
1985-05-01,1741.4685
1985-05-08,1747.2387
1985-05-15,1754.092
1985-05-22,1755.5318
1985-05-29,1757.6345
1985-06-05,1761.6274
1985-06-12,1766.4182
1985-06-19,1772.7579
1985-06-26,1775.43
1985-07-03,1779.5879
1985-07-10,1780.3481
1985-07-17,1782.1119
1985-07-24,1782.6081
1985-07-31,1785.7191
1985-08-07,1784.6424
1985-08-14,1788.147
1985-08-21,1793.455
1985-08-28,1794.5506
1985-09-04,1798.0813
1985-09-11,1803.8354
1985-09-18,1804.4237
1985-09-25,1810.833
1985-10-02,1809.1005
1985-10-09,1811.9018
1985-10-16,1810.895
1985-10-23,1811.3577
1985-10-30,1815.8625
1985-11-06,1825.169
1985-11-13,1826.1019
1985-11-20,1836.3264
1985-11-27,1841.6111
1985-12-04,1840.8678
1985-12-11,1844.5494
1985-12-18,1857.1863
1985-12-25,1858.5198
1986-01-01,1878.5832
1986-01-08,1879.4431
1986-01-15,1886.2592
1986-01-22,1884.0443
1986-01-29,1883.1053
1986-02-05,1886.3259
1986-02-12,1886.2663
1986-02-19,1890.7957
1986-02-26,1891.4799
1986-03-05,1892.7851
1986-03-12,1897.2289
1986-03-19,1900.4649
1986-03-26,1905.0748
1986-04-02,1903.6724
1986-04-09,1909.5281
1986-04-16,1914.8623
1986-04-23,1913.8827
1986-04-30,1920.7508
1986-05-07,1917.805
1986-05-14,1923.3927
1986-05-21,1923.5337
1986-05-28,1927.8098
1986-06-04,1927.2642
1986-06-11,1930.7201
1986-06-18,1931.0202
1986-06-25,1941.4352
1986-07-02,1944.3127
1986-07-09,1947.5603
1986-07-16,1956.3622
1986-07-23,1962.0704
1986-07-30,1962.6973
1986-08-06,1969.4556
1986-08-13,1968.0772
1986-08-20,1974.1874
1986-08-27,1986.1227
1986-09-03,1992.1763
1986-09-10,1990.9396
1986-09-17,1997.6022
1986-09-24,1995.707
1986-10-01,2002.6155
1986-10-08,1996.4893
1986-10-15,1997.911
1986-10-22,1999.5109
1986-10-29,2001.433
1986-11-05,2006.5895
1986-11-12,2017.1514
1986-11-19,2012.53
1986-11-26,2026.0126
1986-12-03,2030.2914
1986-12-10,2036.1805
1986-12-17,2039.2477
1986-12-24,2065.1883
1986-12-31,2079.83
1987-01-07,2075.1405
1987-01-14,2069.8357
1987-01-21,2072.3318
1987-01-28,2078.9559
1987-02-04,2075.0858
1987-02-11,2075.1839
1987-02-18,2077.4088
1987-02-25,2081.5798
1987-03-04,2082.068
1987-03-11,2083.2239
1987-03-18,2087.5616
1987-03-25,2090.9934
1987-04-01,2098.0555
1987-04-08,2102.0274
1987-04-15,2113.6848
1987-04-22,2116.8133
1987-04-29,2118.5042
1987-05-06,2116.9272
1987-05-13,2116.8868
1987-05-20,2123.3833
1987-05-27,2125.9044
1987-06-03,2124.3614
1987-06-10,2129.2372
1987-06-17,2130.8347
1987-06-24,2130.3687
1987-07-01,2125.1587
1987-07-08,2131.2108
1987-07-15,2135.0876
1987-07-22,2133.073
1987-07-29,2136.5925
1987-08-05,2140.6343
1987-08-12,2145.2446
1987-08-19,2143.9288
1987-08-26,2148.2921
1987-09-02,2148.7436
1987-09-09,2160.7311
1987-09-16,2166.7998
1987-09-23,2170.4465
1987-09-30,2178.9441
1987-10-07,2172.4592
1987-10-14,2175.4013
1987-10-21,2187.9469
1987-10-28,2190.2558
1987-11-04,2181.9555
1987-11-11,2182.3259
1987-11-18,2184.2497
1987-11-25,2184.294
1987-12-02,2185.8643
1987-12-09,2193.193
1987-12-16,2196.1146
1987-12-23,2199.6813
1987-12-30,2202.4232
1988-01-06,2205.3755
1988-01-13,2208.943
1988-01-20,2211.0151
1988-01-27,2217.2638
1988-02-03,2220.5594
1988-02-10,2218.8053
1988-02-17,2222.4726
1988-02-24,2223.6968
1988-03-02,2229.5109
1988-03-09,2233.9536
1988-03-16,2236.8374
1988-03-23,2240.3128
1988-03-30,2244.7287
1988-04-06,2255.9086
1988-04-13,2252.7808
1988-04-20,2261.2162
1988-04-27,2265.5728
1988-05-04,2270.5422
1988-05-11,2277.4844
1988-05-18,2275.1511
1988-05-25,2285.5314
1988-06-01,2289.401
1988-06-08,2292.9479
1988-06-15,2297.9676
1988-06-22,2300.5887
1988-06-29,2304.5605
1988-07-06,2312.0211
1988-07-13,2311.4762
1988-07-20,2314.7682
1988-07-27,2316.4792
1988-08-03,2318.3133
1988-08-10,2322.5867
1988-08-17,2321.692
1988-08-24,2324.134
1988-08-31,2325.8975
1988-09-07,2322.5142
1988-09-14,2324.2791
1988-09-21,2331.2477
1988-09-28,2333.5435
1988-10-05,2338.3573
1988-10-12,2343.9361
1988-10-19,2341.8425
1988-10-26,2343.3653
1988-11-02,2346.3282
1988-11-09,2348.0399
1988-11-16,2355.5559
1988-11-23,2360.1178
1988-11-30,2362.5034
1988-12-07,2366.1594
1988-12-14,2365.0974
1988-12-21,2370.1723
1988-12-28,2368.1728
1989-01-04,2362.0718
1989-01-11,2370.7535
1989-01-18,2377.9781
1989-01-25,2379.7485
1989-02-01,2379.293
1989-02-08,2393.7256
1989-02-15,2399.1063
1989-02-22,2396.3674
1989-03-01,2396.7486
1989-03-08,2395.2582
1989-03-15,2402.1768
1989-03-22,2403.0988
1989-03-29,2413.3959
1989-04-05,2414.8407
1989-04-12,2415.9488
1989-04-19,2423.9343
1989-04-26,2427.5435
1989-05-03,2429.2216
1989-05-10,2431.9678
1989-05-17,2436.5757
1989-05-24,2444.6028
1989-05-31,2446.674
1989-06-07,2445.4686
1989-06-14,2445.7522
1989-06-21,2452.5023
1989-06-28,2455.89
1989-07-05,2462.472
1989-07-12,2463.9818
1989-07-19,2468.7535
1989-07-26,2482.6169
1989-08-02,2477.9376
1989-08-09,2482.7691
1989-08-16,2485.8032
1989-08-23,2490.6394
1989-08-30,2489.39
1989-09-06,2494.9536
1989-09-13,2495.1457
1989-09-20,2500.2318
1989-09-27,2500.1251
1989-10-04,2502.9968
1989-10-11,2513.5922
1989-10-18,2517.3155
1989-10-25,2525.5544
1989-11-01,2533.1504
1989-11-08,2525.2357
1989-11-15,2530.1126
1989-11-22,2532.0725
1989-11-29,2529.1356
1989-12-06,2535.5377
1989-12-13,2541.9665
1989-12-20,2539.721
1989-12-27,2535.0535
1990-01-03,2534.5126
1990-01-10,2546.8055
1990-01-17,2550.7027
1990-01-24,2558.4699
1990-01-31,2563.579
1990-02-07,2566.6494
1990-02-14,2569.2113
1990-02-21,2577.9585
1990-02-28,2576.8219
1990-03-07,2579.2034
1990-03-14,2578.6998
1990-03-21,2586.5112
1990-03-28,2584.3494
1990-04-04,2584.3227
1990-04-11,2591.2634
1990-04-18,2598.0591
1990-04-25,2600.2957
1990-05-02,2601.4437
1990-05-09,2603.688
1990-05-16,2605.636
1990-05-23,2611.2944
1990-05-30,2608.9721
1990-06-06,2617.8749
1990-06-13,2622.3143
1990-06-20,2627.2693
1990-06-27,2628.4721
1990-07-04,2620.0375
1990-07-11,2626.642
1990-07-18,2633.1906
1990-07-25,2633.4231
1990-08-01,2634.7513
1990-08-08,2634.3358
1990-08-15,2642.5341
1990-08-22,2643.9954
1990-08-29,2641.5565
1990-09-05,2645.4324
1990-09-12,2644.1449
1990-09-19,2648.808
1990-09-26,2645.3571
1990-10-03,2648.6625
1990-10-10,2653.2171
1990-10-17,2655.1231
1990-10-24,2660.1285
1990-10-31,2661.4531
1990-11-07,2659.7941
1990-11-14,2661.7542
1990-11-21,2663.494
1990-11-28,2659.6482
1990-12-05,2668.7764
1990-12-12,2673.7454
1990-12-19,2674.4006
1990-12-26,2677.6438
1991-01-02,2663.8294
1991-01-09,2666.8806
1991-01-16,2669.606
1991-01-23,2678.624
1991-01-30,2671.4677
1991-02-06,2674.8839
1991-02-13,2678.783
1991-02-20,2684.9778
1991-02-27,2686.6363
1991-03-06,2690.5312
1991-03-13,2697.138
1991-03-20,2700.9031
1991-03-27,2700.3992
1991-04-03,2699.8365
1991-04-10,2697.491
1991-04-17,2697.5759
1991-04-24,2700.4001
1991-05-01,2705.2106
1991-05-08,2698.3637
1991-05-15,2702.8972
1991-05-22,2704.0391
1991-05-29,2705.6071
1991-06-05,2707.4186
1991-06-12,2712.6112
1991-06-19,2708.7565
1991-06-26,2718.3011
1991-07-03,2707.2853
1991-07-10,2713.9806
1991-07-17,2707.668
1991-07-24,2711.4705
1991-07-31,2713.5136
1991-08-07,2709.2054
1991-08-14,2707.7298
1991-08-21,2711.4356
1991-08-28,2711.2603
1991-09-04,2714.634
1991-09-11,2717.5131
1991-09-18,2723.1629
1991-09-25,2724.0705
1991-10-02,2728.5109
1991-10-09,2733.4484
1991-10-16,2740.9887
1991-10-23,2741.0809
1991-10-30,2742.8471
1991-11-06,2746.2388
1991-11-13,2753.9704
1991-11-20,2753.3196
1991-11-27,2759.2321
1991-12-04,2758.7352
1991-12-11,2765.4726
1991-12-18,2768.2114
1991-12-25,2777.2234
1992-01-01,2774.0155
1992-01-08,2774.2024
1992-01-15,2774.8749
1992-01-22,2778.9158
1992-01-29,2781.0986
1992-02-05,2790.5932
1992-02-12,2781.9952
1992-02-19,2783.3999
1992-02-26,2779.8532
1992-03-04,2786.0437
1992-03-11,2786.6512
1992-03-18,2782.9717
1992-03-25,2792.2343
1992-04-01,2796.1767
1992-04-08,2791.9228
1992-04-15,2803.1792
1992-04-22,2795.2789
1992-04-29,2792.6665
1992-05-06,2801.1801
1992-05-13,2806.7508
1992-05-20,2800.3183
1992-05-27,2800.1901
1992-06-03,2799.5508
1992-06-10,2804.8095
1992-06-17,2803.6025
1992-06-24,2808.7519
1992-07-01,2809.6322
1992-07-08,2808.7725
1992-07-15,2814.7065
1992-07-22,2815.6265
1992-07-29,2806.7303
1992-08-05,2818.9574
1992-08-12,2819.7342
1992-08-19,2818.7843
1992-08-26,2822.7352
1992-09-02,2827.0968
1992-09-09,2828.3367
1992-09-16,2830.9745
1992-09-23,2832.34
1992-09-30,2843.032
1992-10-07,2835.4588
1992-10-14,2840.6536
1992-10-21,2838.8686
1992-10-28,2841.0449
1992-11-04,2842.7692
1992-11-11,2848.3228
1992-11-18,2844.9512
1992-11-25,2852.0028
1992-12-02,2853.8371
1992-12-09,2857.9334
1992-12-16,2856.8942
1992-12-23,2862.3271
1992-12-30,2867.1298
1993-01-06,2859.6898
1993-01-13,2857.9635
1993-01-20,2859.9426
1993-01-27,2856.3881
1993-02-03,2869.5119
1993-02-10,2866.5921
1993-02-17,2869.8994
1993-02-24,2869.4639
1993-03-03,2875.6952
1993-03-10,2876.578
1993-03-17,2884.7184
1993-03-24,2882.862
1993-03-31,2891.5374
1993-04-07,2888.3687
1993-04-14,2889.2204
1993-04-21,2891.2693
1993-04-28,2898.3044
1993-05-05,2900.3483
1993-05-12,2907.437
1993-05-19,2906.6124
1993-05-26,2911.9226
1993-06-02,2923.873
1993-06-09,2924.4376
1993-06-16,2924.5858
1993-06-23,2927.2985
1993-06-30,2940.6666
1993-07-07,2943.3797
1993-07-14,2940.0202
1993-07-21,2943.6698
1993-07-28,2943.3337
1993-08-04,2957.5939
1993-08-11,2953.7597
1993-08-18,2953.9341
1993-08-25,2951.1871
1993-09-01,2952.5183
1993-09-08,2952.7242
1993-09-15,2963.9296
1993-09-22,2962.0449
1993-09-29,2963.3917
1993-10-06,2961.7773
1993-10-13,2965.2483
1993-10-20,2962.3665
1993-10-27,2962.4768
1993-11-03,2966.6192
1993-11-10,2976.6758
1993-11-17,2970.3997
1993-11-24,2973.3799
1993-12-01,2985.8793
1993-12-08,2985.9101
1993-12-15,2993.994
1993-12-22,2993.2497
1993-12-29,2997.0466
1994-01-05,3011.2843
1994-01-12,3011.961
1994-01-19,3006.4603
1994-01-26,2998.719
1994-02-02,3002.5618
1994-02-09,3007.3188
1994-02-16,3008.0992
1994-02-23,3002.3257
1994-03-02,3021.2268
1994-03-09,3028.0151
1994-03-16,3034.849
1994-03-23,3042.726
1994-03-30,3051.6053
1994-04-06,3058.2708
1994-04-13,3055.0207
1994-04-20,3060.0758
1994-04-27,3056.2786
1994-05-04,3054.3869
1994-05-11,3062.054
1994-05-18,3059.6898
1994-05-25,3064.1621
1994-06-01,3066.5069
1994-06-08,3064.6829
1994-06-15,3079.3833
1994-06-22,3078.7716
1994-06-29,3084.7717
1994-07-06,3095.6451
1994-07-13,3101.6117
1994-07-20,3105.4745
1994-07-27,3109.4323
1994-08-03,3103.7057
1994-08-10,3108.443
1994-08-17,3115.6249
1994-08-24,3118.9483
1994-08-31,3127.0507
1994-09-07,3119.049
1994-09-14,3129.8574
1994-09-21,3135.8648
1994-09-28,3131.2046
1994-10-05,3131.5247
1994-10-12,3136.1964
1994-10-19,3141.3665
1994-10-26,3142.1048
1994-11-02,3147.481
1994-11-09,3143.081
1994-11-16,3153.9641
1994-11-23,3149.6653
1994-11-30,3156.9622
1994-12-07,3160.8207
1994-12-14,3167.2788
1994-12-21,3181.0404
1994-12-28,3182.7035
1995-01-04,3188.4272
1995-01-11,3194.3537
1995-01-18,3200.638
1995-01-25,3203.5777
1995-02-01,3210.2104
1995-02-08,3202.6507
1995-02-15,3204.8877
1995-02-22,3206.6158
1995-03-01,3212.2552
1995-03-08,3208.2553
1995-03-15,3218.4327
1995-03-22,3216.0201
1995-03-29,3214.9439
1995-04-05,3260.7717
1995-04-12,3264.3149
1995-04-19,3274.171
1995-04-26,3275.5903
1995-05-03,3277.4886
1995-05-10,3284.2244
1995-05-17,3281.9391
1995-05-24,3293.7588
1995-05-31,3299.7226
1995-06-07,3299.7731
1995-06-14,3301.1947
1995-06-21,3311.3161
1995-06-28,3308.8687
1995-07-05,3322.3699
1995-07-12,3329.2968
1995-07-19,3332.8869
1995-07-26,3338.4434
1995-08-02,3340.2288
1995-08-09,3348.4001
1995-08-16,3354.8841
1995-08-23,3361.6392
1995-08-30,3356.3889
1995-09-06,3360.7047
1995-09-13,3368.2106
1995-09-20,3380.0403
1995-09-27,3381.0462
1995-10-04,3369.1354
1995-10-11,3370.5542
1995-10-18,3369.56
1995-10-25,3381.2401
1995-11-01,3384.6286
1995-11-08,3381.4056
1995-11-15,3387.2443
1995-11-22,3393.6344
1995-11-29,3385.3934
1995-12-06,3390.4342
1995-12-13,3395.7089
1995-12-20,3406.7738
1995-12-27,3404.9538
1996-01-03,3411.7262
1996-01-10,3418.0226
1996-01-17,3416.3105
1996-01-24,3417.6581
1996-01-31,3422.5346
1996-02-07,3420.6208
1996-02-14,3429.3555
1996-02-21,3439.4338
1996-02-28,3441.8811
1996-03-06,3426.0461
1996-03-13,3437.5509
1996-03-20,3446.5457
1996-03-27,3451.255
1996-04-03,3445.1909
1996-04-10,3458.4961
1996-04-17,3461.1014
1996-04-24,3465.9679
1996-05-01,3466.5819
1996-05-08,3465.6358
1996-05-15,3469.7967
1996-05-22,3474.016
1996-05-29,3464.0698
1996-06-05,3468.5777
1996-06-12,3480.7955
1996-06-19,3483.7919
1996-06-26,3490.4144
1996-07-03,3489.6571
1996-07-10,3495.7981
1996-07-17,3484.7503
1996-07-24,3490.7541
1996-07-31,3479.1094
1996-08-07,3494.9046
1996-08-14,3497.5449
1996-08-21,3500.3695
1996-08-28,3497.4451
1996-09-04,3502.9979
1996-09-11,3515.7288
1996-09-18,3506.9151
1996-09-25,3529.058
1996-10-02,3546.7959
1996-10-09,3548.0166
1996-10-16,3552.4557
1996-10-23,3548.5909
1996-10-30,3547.4946
1996-11-06,3555.1377
1996-11-13,3562.4499
1996-11-20,3565.9458
1996-11-27,3582.3464
1996-12-04,3577.2177
1996-12-11,3587.8968
1996-12-18,3584.9177
1996-12-25,3591.6025
1997-01-01,3596.4246
1997-01-08,3609.75
1997-01-15,3604.1774
1997-01-22,3617.6486
1997-01-29,3616.6404
1997-02-05,3619.2725
1997-02-12,3623.351
1997-02-19,3630.3903
1997-02-26,3629.4557
1997-03-05,3640.7675
1997-03-12,3653.0971
1997-03-19,3655.9249
1997-03-26,3670.6887
1997-04-02,3672.5161
1997-04-09,3681.5348
1997-04-16,3695.7806
1997-04-23,3704.2376
1997-04-30,3722.6267
1997-05-07,3712.6959
1997-05-14,3718.6024
1997-05-21,3724.8587
1997-05-28,3728.0446
1997-06-04,3735.4861
1997-06-11,3742.5811
1997-06-18,3744.4799
1997-06-25,3752.2491
1997-07-02,3766.9255
1997-07-09,3763.702
1997-07-16,3772.1679
1997-07-23,3774.7621
1997-07-30,3782.3815
1997-08-06,3778.362
1997-08-13,3773.0462
1997-08-20,3790.1549
1997-08-27,3794.0845
1997-09-03,3804.7103
1997-09-10,3810.0723
1997-09-17,3813.4854
1997-09-24,3813.9669
1997-10-01,3821.3407
1997-10-08,3825.4321
1997-10-15,3822.4946
1997-10-22,3830.0732
1997-10-29,3834.4324
1997-11-05,3851.7243
1997-11-12,3862.6034
1997-11-19,3856.2819
1997-11-26,3878.374
1997-12-03,3874.8603
1997-12-10,3867.3714
1997-12-17,3879.6379
1997-12-24,3897.9579
1997-12-31,3905.761
1998-01-07,3915.3731
1998-01-14,3916.3649
1998-01-21,3933.372
1998-01-28,3928.5943
1998-02-04,3938.7399
1998-02-11,3942.3235
1998-02-18,3953.5565
1998-02-25,3963.2353
1998-03-04,3992.0949
1998-03-11,3991.2588
1998-03-18,3989.399
1998-03-25,3994.6113
1998-04-01,4016.8592
1998-04-08,4011.6564
1998-04-15,4006.8382
1998-04-22,3994.4674
1998-04-29,4009.9034
1998-05-06,4028.4425
1998-05-13,4017.2809
1998-05-20,4020.0743
1998-05-27,4028.249
1998-06-03,4035.9579
1998-06-10,4032.2302
1998-06-17,4034.9562
1998-06-24,4042.8587
1998-07-01,4055.9782
1998-07-08,4040.4274
1998-07-15,4049.449
1998-07-22,4050.3172
1998-07-29,4066.6114
1998-08-05,4074.3437
1998-08-12,4086.4358
1998-08-19,4092.2514
1998-08-26,4110.2423
1998-09-02,4122.16
1998-09-09,4113.046
1998-09-16,4119.7947
1998-09-23,4130.0263
1998-09-30,4130.4051
1998-10-07,4130.846
1998-10-14,4155.7497
1998-10-21,4182.9217
1998-10-28,4205.4593
1998-11-04,4218.5305
1998-11-11,4224.5936
1998-11-18,4229.0192
1998-11-25,4235.8542
1998-12-02,4233.6187
1998-12-09,4246.2878
1998-12-16,4235.8151
1998-12-23,4232.9122
1998-12-30,4244.5422
1999-01-06,4248.8057
1999-01-13,4256.4368
1999-01-20,4251.4475
1999-01-27,4240.5652
1999-02-03,4238.6724
1999-02-10,4241.8797
1999-02-17,4234.7872
1999-02-24,4234.8476
1999-03-03,4249.7926
1999-03-10,4252.7015
1999-03-17,4258.7174
1999-03-24,4269.8182
1999-03-31,4275.4414
1999-04-07,4270.3278
1999-04-14,4281.9892
1999-04-21,4285.057
1999-04-28,4271.4413
1999-05-05,4275.5724
1999-05-12,4286.4221
1999-05-19,4282.3935
1999-05-26,4287.1203
1999-06-02,4290.9802
1999-06-09,4296.777
1999-06-16,4317.7109
1999-06-23,4330.2714
1999-06-30,4328.1988
1999-07-07,4318.4781
1999-07-14,4333.8739
1999-07-21,4338.838
1999-07-28,4326.6488
1999-08-04,4326.1596
1999-08-11,4342.4887
1999-08-18,4354.8582
1999-08-25,4360.9578
1999-09-01,4366.5926
1999-09-08,4360.4883
1999-09-15,4379.3427
1999-09-22,4396.6617
1999-09-29,4396.2994
1999-10-06,4397.6493
1999-10-13,4406.9332
1999-10-20,4417.0422
1999-10-27,4424.9455
1999-11-03,4423.5991
1999-11-10,4431.9838
1999-11-17,4452.0364
1999-11-24,4462.5268
1999-12-01,4471.8028
1999-12-08,4479.3158
1999-12-15,4498.8234
1999-12-22,4521.9514
1999-12-29,4523.2094
2000-01-05,4515.0251
2000-01-12,4531.2632
2000-01-19,4544.5827
2000-01-26,4553.9353
2000-02-02,4551.2143
2000-02-09,4544.6465
2000-02-16,4555.3823
2000-02-23,4569.1711
2000-03-01,4588.4162
2000-03-08,4592.4932
2000-03-15,4618.8579
2000-03-22,4627.4223
2000-03-29,4621.2198
2000-04-05,4637.1935
2000-04-12,4646.1949
2000-04-19,4658.5483
2000-04-26,4671.0191
2000-05-03,4680.6405
2000-05-10,4695.8624
2000-05-17,4698.3754
2000-05-24,4721.1576
2000-05-31,4719.3467
2000-06-07,4725.9831
2000-06-14,4734.1848
2000-06-21,4762.6804
2000-06-28,4753.8589
2000-07-05,4760.9613
2000-07-12,4766.027
2000-07-19,4779.7605
2000-07-26,4787.9749
2000-08-02,4789.8443
2000-08-09,4792.2267
2000-08-16,4805.1868
2000-08-23,4811.3789
2000-08-30,4800.7002
2000-09-06,4815.5802
2000-09-13,4813.2792
2000-09-20,4840.8209
2000-09-27,4835.8207
2000-10-04,4815.4746
2000-10-11,4818.3905
2000-10-18,4811.677
2000-10-25,4813.097
2000-11-01,4822.7307
2000-11-08,4812.2945
2000-11-15,4832.546
2000-11-22,4839.2709
2000-11-29,4837.1581
2000-12-06,4843.2347
2000-12-13,4854.2166
2000-12-20,4870.394
2000-12-27,4883.2027
2001-01-03,4890.016
2001-01-10,4891.2247
2001-01-17,4896.7318
2001-01-24,4905.5307
2001-01-31,4919.4169
2001-02-07,4894.886
2001-02-14,4901.5771
2001-02-21,4906.1927
2001-02-28,4918.7976
2001-03-07,4915.8036
2001-03-14,4903.2403
2001-03-21,4917.05
2001-03-28,4922.4597
2001-04-04,4917.405
2001-04-11,4931.2175
2001-04-18,4927.8116
2001-04-25,4941.159
2001-05-02,4945.9716
2001-05-09,4943.1454
2001-05-16,4952.1555
2001-05-23,4953.8147
2001-05-30,4959.7489
2001-06-06,4962.44
2001-06-13,4949.1133
2001-06-20,4948.7808
2001-06-27,4953.7409
2001-07-04,4934.3932
2001-07-11,4943.578
2001-07-18,4949.3113
2001-07-25,4952.1892
2001-08-01,4962.4196
2001-08-08,4945.3701
2001-08-15,4944.9069
2001-08-22,4946.6335
2001-08-29,4948.9312
2001-09-05,4956.3856
2001-09-12,5110.6355
2001-09-19,5027.9906
2001-09-26,5005.4831
2001-10-03,5003.7693
2001-10-10,4994.0624
2001-10-17,5000.2389
2001-10-24,4987.7305
2001-10-31,5018.0176
2001-11-07,5020.7943
2001-11-14,5021.8443
2001-11-21,5032.3703
2001-11-28,5030.7912
2001-12-05,5071.1985
2001-12-12,5074.5302
2001-12-19,5060.7683
2001-12-26,5062.731
2002-01-02,5065.593
2002-01-09,5058.7197
2002-01-16,5042.6196
2002-01-23,5041.495
2002-01-30,5035.0179
2002-02-06,5054.0844
2002-02-13,5051.5659
2002-02-20,5062.9044
2002-02-27,5059.0347
2002-03-06,5055.169
2002-03-13,5051.9539
2002-03-20,5087.8609
2002-03-27,5082.6019
2002-04-03,5076.5674
2002-04-10,5082.9366
2002-04-17,5084.3493
2002-04-24,5078.3953
2002-05-01,5065.8043
2002-05-08,5066.7061
2002-05-15,5084.0238
2002-05-22,5091.1718
2002-05-29,5086.1415
2002-06-05,5105.6965
2002-06-12,5107.4358
2002-06-19,5120.1387
2002-06-26,5124.989
2002-07-03,5112.4932
2002-07-10,5125.0887
2002-07-17,5125.6881
2002-07-24,5153.9104
2002-07-31,5156.276
2002-08-07,5166.0203
2002-08-14,5187.0201
2002-08-21,5197.4733
2002-08-28,5220.0299
2002-09-04,5240.304
2002-09-11,5233.3055
2002-09-18,5244.9901
2002-09-25,5259.432
2002-10-02,5305.3436
2002-10-09,5318.807
2002-10-16,5322.879
2002-10-23,5344.1215
2002-10-30,5351.249
2002-11-06,5373.4688
2002-11-13,5395.055
2002-11-20,5385.7311
2002-11-27,5409.826
2002-12-04,5424.7017
2002-12-11,5470.5977
2002-12-18,5451.8531
2002-12-25,5463.7621
2003-01-01,5466.2897
2003-01-08,5483.162
2003-01-15,5474.0074
2003-01-22,5468.8774
2003-01-29,5457.0263
2003-02-05,5491.4879
2003-02-12,5503.3445
2003-02-19,5517.4327
2003-02-26,5520.1157
2003-03-05,5541.5134
2003-03-12,5552.1441
2003-03-19,5532.2072
2003-03-26,5524.5234
2003-04-02,5559.5227
2003-04-09,5564.2105
2003-04-16,5565.6038
2003-04-23,5600.8924
2003-04-30,5623.6322
2003-05-07,5632.4198
2003-05-14,5644.078
2003-05-21,5642.6593
2003-05-28,5655.8142
2003-06-04,5674.3546
2003-06-11,5681.8825
2003-06-18,5686.5283
2003-06-25,5682.5062
2003-07-02,5751.2658
2003-07-09,5745.2997
2003-07-16,5703.5446
2003-07-23,5729.868
2003-07-30,5735.7874
2003-08-06,5751.8114
2003-08-13,5729.2566
2003-08-20,5733.7805
2003-08-27,5719.9488
2003-09-03,5742.1865
2003-09-10,5751.5068
2003-09-17,5734.3894
2003-09-24,5706.0928
2003-10-01,5717.4802
2003-10-08,5694.4737
2003-10-15,5710.3085
2003-10-22,5698.285
2003-10-29,5685.8935
2003-11-05,5720.7323
2003-11-12,5734.9783
2003-11-19,5723.4886
2003-11-26,5727.4971
2003-12-03,5725.1379
2003-12-10,5738.8404
2003-12-17,5824.5354
2003-12-24,5814.7198
2003-12-31,5810.8226
2004-01-07,5805.3118
2004-01-14,5805.5024
2004-01-21,5828.9411
2004-01-28,5832.1291
2004-02-04,5833.1584
2004-02-11,5851.5122
2004-02-18,5949.4274
2004-02-25,5935.0995
2004-03-03,5938.2937
2004-03-10,5958.7863
2004-03-17,5966.2089
2004-03-24,5998.1903
2004-03-31,6018.3692
2004-04-07,6005.8195
2004-04-14,6031.1444
2004-04-21,6047.8762
2004-04-28,6048.7729
2004-05-05,6062.2017
2004-05-12,6059.2352
2004-05-19,6064.4918
2004-05-26,6071.985
2004-06-02,6069.6147
2004-06-09,6086.6436
2004-06-16,6106.0669
2004-06-23,6117.59
2004-06-30,6129.8525
2004-07-07,6126.5349
2004-07-14,6149.8341
2004-07-21,6144.119
2004-07-28,6122.9965
2004-08-04,6122.0626
2004-08-11,6152.3042
2004-08-18,6169.6777
2004-08-25,6182.9217
2004-09-01,6191.614
2004-09-08,6201.4717
2004-09-15,6234.13
2004-09-22,6241.905
2004-09-29,6234.3888
2004-10-06,6236.1139
2004-10-13,6261.9351
2004-10-20,6265.6086
2004-10-27,6266.4472
2004-11-03,6270.2015
2004-11-10,6280.8227
2004-11-17,6292.6222
2004-11-24,6314.7482
2004-12-01,6336.311
2004-12-08,6342.0442
2004-12-15,6359.7511
2004-12-22,6380.6747
2004-12-29,6399.0907
2005-01-05,6458.4099
2005-01-12,6477.4415
2005-01-19,6507.323
2005-01-26,6505.3846
2005-02-02,6519.7993
2005-02-09,6521.3436
2005-02-16,6547.1857
2005-02-23,6588.4215
2005-03-02,6593.6372
2005-03-09,6604.7313
2005-03-16,6635.6499
2005-03-23,6650.1765
2005-03-30,6628.6066
2005-04-06,6643.2082
2005-04-13,6643.7254
2005-04-20,6680.7463
2005-04-27,6669.1663
2005-05-04,6671.6205
2005-05-11,6699.1283
2005-05-18,6712.6748
2005-05-25,6743.7805
2005-06-01,6744.6695
2005-06-08,6756.0829
2005-06-15,6698.4513
2005-06-22,6768.6367
2005-06-29,6776.0305
2005-07-06,6788.6612
2005-07-13,6824.7144
2005-07-20,6857.3356
2005-07-27,6862.115
2005-08-03,6875.8475
2005-08-10,6882.5473
2005-08-17,6902.908
2005-08-24,6916.4097
2005-08-31,6905.764
2005-09-07,6905.7463
2005-09-14,6918.3351
2005-09-21,6956.4105
2005-09-28,6960.945
2005-10-05,6959.8872
2005-10-12,6968.1354
2005-10-19,6988.8151
2005-10-26,6979.5806
2005-11-02,6960.2497
2005-11-09,6965.4613
2005-11-16,6996.636
2005-11-23,7018.0069
2005-11-30,7000.0756
2005-12-07,7047.7205
2005-12-14,7064.5464
2005-12-21,7074.068
2005-12-28,7094.3522
2006-01-04,7084.3447
2006-01-11,7091.3571
2006-01-18,7121.3231
2006-01-25,7145.5943
2006-02-01,7152.3902
2006-02-08,7140.6026
2006-02-15,7169.0789
2006-02-22,7185.6717
2006-03-01,7204.1139
2006-03-08,7185.1156
2006-03-15,7217.879
2006-03-22,7234.1234
2006-03-29,7236.9361
2006-04-05,7259.6616
2006-04-12,7295.6594
2006-04-19,7333.4832
2006-04-26,7339.8662
2006-05-03,7355.3385
2006-05-10,7363.1641
2006-05-17,7392.1511
2006-05-24,7418.5286
2006-05-31,7424.1173
2006-06-07,7417.693
2006-06-14,7439.4418
2006-06-21,7443.0721
2006-06-28,7431.4853
2006-07-05,7438.1437
2006-07-12,7451.8511
2006-07-19,7488.35
2006-07-26,7497.6702
2006-08-02,7506.7205
2006-08-09,7495.8513
2006-08-16,7527.8693
2006-08-23,7551.274
2006-08-30,7539.8237
2006-09-06,7538.2605
2006-09-13,7511.7837
2006-09-20,7545.9124
2006-09-27,7524.8059
2006-10-04,7671.2966
2006-10-11,7699.1761
2006-10-18,7702.0334
2006-10-25,7704.7147
2006-11-01,7738.2177
2006-11-08,7719.0817
2006-11-15,7732.2435
2006-11-22,7768.3179
2006-11-29,7780.2318
2006-12-06,7794.9092
2006-12-13,7796.8828
2006-12-20,7872.6692
2006-12-27,7875.542
2007-01-03,7855.6631
2007-01-10,7870.6943
2007-01-17,7883.2297
2007-01-24,7894.3282
2007-01-31,7910.6905
2007-02-07,7908.7544
2007-02-14,7929.7513
2007-02-21,7942.9054
2007-02-28,7961.1112
2007-03-07,7942.3283
2007-03-14,7852.7197
2007-03-21,7865.6056
2007-03-28,7895.5306
2007-04-04,7930.0277
2007-04-11,7948.1327
2007-04-18,7950.983
2007-04-25,7963.0143
2007-05-02,7965.3388
2007-05-09,7969.5052
2007-05-16,7979.2407
2007-05-23,8005.2845
2007-05-30,8026.2923
2007-06-06,8017.0847
2007-06-13,8031.6653
2007-06-20,8081.7604
2007-06-27,8085.0129
2007-07-04,8111.5735
2007-07-11,8113.5408
2007-07-18,8125.2653
2007-07-25,8150.7148
2007-08-01,8155.1813
2007-08-08,8172.8535
2007-08-15,8206.2412
2007-08-22,8266.749
2007-08-29,8292.1442
2007-09-05,8311.0196
2007-09-12,8349.0327
2007-09-19,8352.799
2007-09-26,8375.6448
2007-10-03,8360.0148
2007-10-10,8395.2964
2007-10-17,8451.6394
2007-10-24,8473.5035
2007-10-31,8473.1013
2007-11-07,8487.8789
2007-11-14,8502.177
2007-11-21,8530.2322
2007-11-28,8539.8661
2007-12-05,8543.4145
2007-12-12,8551.9684
2007-12-19,8577.3279
2007-12-26,8584.4146
2008-01-02,8598.7069
2008-01-09,8598.0033
2008-01-16,8568.9743
2008-01-23,8605.2763
2008-01-30,8601.3434
2008-02-06,8610.215
2008-02-13,8628.3323
2008-02-20,8658.8085
2008-02-27,8666.3473
2008-03-05,8661.1077
2008-03-12,8671.4172
2008-03-19,8713.4706
2008-03-26,8711.5714
2008-04-02,8677.7929
2008-04-09,8686.6374
2008-04-16,8689.609
2008-04-23,8714.6443
2008-04-30,8717.7256
2008-05-07,8703.8326
2008-05-14,8702.4828
2008-05-21,8706.1507
2008-05-28,8691.0164
2008-06-04,8691.6063
2008-06-11,8698.0435
2008-06-18,8695.9948
2008-06-25,8693.432
2008-07-02,8694.436
2008-07-09,8694.4297
2008-07-16,8708.4315
2008-07-23,8692.4561
2008-07-30,8695.5578
2008-08-06,8677.2737
2008-08-13,8686.8428
2008-08-20,8692.8978
2008-08-27,8698.5896
2008-09-03,8672.5839
2008-09-10,8671.7349
2008-09-17,8755.2795
2008-09-24,8833.0461
2008-10-01,9130.3583
2008-10-08,9125.1045
2008-10-15,9186.4709
2008-10-22,9245.3457
2008-10-29,9240.944
2008-11-05,9164.3475
2008-11-12,9151.3037
2008-11-19,9054.9827
2008-11-26,9075.6303
2008-12-03,9065.2583
2008-12-10,9045.3811
2008-12-17,9029.6908
2008-12-24,9029.0399
2008-12-31,8994.0467
2009-01-07,8983.6851
2009-01-14,9032.3297
2009-01-21,9058.9389
2009-01-28,9058.8932
2009-02-04,9075.48
2009-02-11,9058.9138
2009-02-18,9078.9059
2009-02-25,9055.4579
2009-03-04,9060.6415
2009-03-11,9081.0119
2009-03-18,9021.0138
2009-03-25,9012.0942
2009-04-01,9004.169
2009-04-08,8989.5272
2009-04-15,8979.159
2009-04-22,8953.6558
2009-04-29,9053.7215
2009-05-06,9064.3371
2009-05-13,9025.2081
2009-05-20,9035.1902
2009-05-27,9044.3793
2009-06-03,9054.6182
2009-06-10,9031.4813
2009-06-17,9033.2817
2009-06-24,9024.3331
2009-07-01,9007.3132
2009-07-08,8995.4799
2009-07-15,8975.9527
2009-07-22,8950.4103
2009-07-29,8948.1443
2009-08-05,8949.1324
2009-08-12,8956.3607
2009-08-19,8914.3697
2009-08-26,8898.2536
2009-09-02,8878.7331
2009-09-09,8872.2062
2009-09-16,8860.4976
2009-09-23,8836.8482
2009-09-30,8780.7316
2009-10-07,8762.0355
2009-10-14,8760.7521
2009-10-21,8761.1048
2009-10-28,8737.2125
2009-11-04,8830.98
2009-11-11,8835.172
2009-11-18,8824.128
2009-11-25,8796.395
2009-12-02,8803.1062
2009-12-09,8808.5468
2009-12-16,8792.4567
2009-12-23,8746.9161
2009-12-30,8762.7393
2010-01-06,8739.9097
2010-01-13,8716.4936
2010-01-20,8717.1766
2010-01-27,8691.2102
2010-02-03,8678.4648
2010-02-10,8681.6879
2010-02-17,8649.0029
2010-02-24,8625.9632
2010-03-03,8609.6427
2010-03-10,8607.997
2010-03-17,8606.1276
2010-03-24,8602.1739
2010-03-31,9022.5242
2010-04-07,9013.9578
2010-04-14,9033.635
2010-04-21,9027.4417
2010-04-28,9010.3269
2010-05-05,8981.5477
2010-05-12,8998.2468
2010-05-19,8979.9321
2010-05-26,8946.1588
2010-06-02,8925.7127
2010-06-09,8939.4949
2010-06-16,8925.2031
2010-06-23,8929.9681
2010-06-30,8935.2772
2010-07-07,8935.1205
2010-07-14,8961.1983
2010-07-21,8987.6458
2010-07-28,8967.0511
2010-08-04,8984.8257
2010-08-11,9005.2403
2010-08-18,8986.4986
2010-08-25,8983.8401
2010-09-01,9002.5226
2010-09-08,9001.7544
2010-09-15,8988.0698
2010-09-22,8983.5282
2010-09-29,8974.8026
2010-10-06,9001.5866
2010-10-13,8997.4155
2010-10-20,8996.9296
2010-10-27,8998.6472
2010-11-03,9016.5802
2010-11-10,9001.8342
2010-11-17,9017.0501
2010-11-24,9013.8653
2010-12-01,9020.0961
2010-12-08,9018.5111
2010-12-15,8975.6276
2010-12-22,8965.6041
2010-12-29,8955.5878
2011-01-05,8938.4659
2011-01-12,8975.9052
2011-01-19,8955.8964
2011-01-26,8936.9569
2011-02-02,8921.473
2011-02-09,8923.0216
2011-02-16,8909.2985
2011-02-23,8911.6219
2011-03-02,8906.0661
2011-03-09,8913.7068
2011-03-16,8906.9048
2011-03-23,8908.6299
2011-03-30,8911.2912
2011-04-06,8921.97
2011-04-13,8923.7371
2011-04-20,8939.6693
2011-04-27,8930.9236
2011-05-04,8930.2235
2011-05-11,8938.4205
2011-05-18,8907.3274
2011-05-25,8922.5294
2011-06-01,8938.4659
2011-06-08,8931.8025
2011-06-15,8935.2634
2011-06-22,8925.1211
2011-06-29,8916.3724
2011-07-06,8927.5881
2011-07-13,8950.3828
2011-07-20,8947.7267
2011-07-27,8957.612
2011-08-03,8954.0493
2011-08-10,8979.2401
2011-08-17,8995.008
2011-08-24,8996.5337
2011-08-31,9000.183
2011-09-07,9009.6878
2011-09-14,9006.4644
2011-09-21,9007.8261
2011-09-28,9008.5135
2011-10-05,9016.9903
2011-10-12,9032.7528
2011-10-19,9038.3277
2011-10-26,9055.2578
2011-11-02,9076.8197
2011-11-09,9072.3562
2011-11-16,9091.1732
2011-11-23,9091.4399
2011-11-30,9097.5189
2011-12-07,9091.9874
2011-12-14,9098.7162
2011-12-21,9090.5851
2011-12-28,9111.6873
2012-01-04,9154.1055
2012-01-11,9177.4268
2012-01-18,9149.3892
2012-01-25,9156.7434
2012-02-01,9248.3636
2012-02-08,9251.0262
2012-02-15,9265.4987
2012-02-22,9268.6572
2012-02-29,9303.5045
2012-03-07,9290.0606
2012-03-14,9293.0559
2012-03-21,9285.7856
2012-03-28,9302.3082
2012-04-04,9328.4141
2012-04-11,9343.8772
2012-04-18,9335.628
2012-04-25,9327.1089
2012-05-02,9345.6922
2012-05-09,9361.4467
2012-05-16,9364.0051
2012-05-23,9371.1922
2012-05-30,9370.4827
2012-06-06,9391.8866
2012-06-13,9372.986
2012-06-20,9372.8028
2012-06-27,9396.3413
2012-07-04,9409.6839
2012-07-11,9433.7745
2012-07-18,9422.8665
2012-07-25,9432.5783
2012-08-01,9454.4443
2012-08-08,9467.4651
2012-08-15,9464.2328
2012-08-22,9462.4317
2012-08-29,9474.9593
2012-09-05,9488.9518
2012-09-12,9505.0717
2012-09-19,9501.8765
2012-09-26,9498.5818
2012-10-03,9505.4208
2012-10-10,9520.6237
2012-10-17,9506.6695
2012-10-24,9503.7045
2012-10-31,9532.865
2012-11-07,9573.8234
2012-11-14,9576.9188
2012-11-21,9570.3769
2012-11-28,9568.3867
2012-12-05,9583.1339
2012-12-12,9592.8059
2012-12-19,9632.7751
2012-12-26,9643.8465
2013-01-02,9662.406
2013-01-09,9648.8598
2013-01-16,9637.732
2013-01-23,9645.1184
2013-01-30,9669.0946
2013-02-06,9674.9749
2013-02-13,9674.1393
2013-02-20,9654.9553
2013-02-27,9661.0673
2013-03-06,9665.9084
2013-03-13,9664.9289
2013-03-20,9650.094
2013-03-27,9662.7053
2013-04-03,9713.23
2013-04-10,9729.0187
2013-04-17,9724.4822
2013-04-24,9726.3045
2013-05-01,9740.6138
2013-05-08,9721.2036
2013-05-15,9733.1196
2013-05-22,9729.1351
2013-05-29,9714.2055
2013-06-05,9736.7572
2013-06-12,9740.68
2013-06-19,9742.3595
2013-06-26,9726.5047
2013-07-03,9721.6601
2013-07-10,9709.7943
2013-07-17,9730.3467
2013-07-24,9729.9024
2013-07-31,9733.0934
2013-08-07,9718.6028
2013-08-14,9718.5631
2013-08-21,9715.5401
2013-08-28,9711.8462
2013-09-04,9711.3072
2013-09-11,9721.4731
2013-09-18,9734.6438
2013-09-25,9721.5017
2013-10-02,9745.6663
2013-10-09,9743.0004
2013-10-16,9764.2141
2013-10-23,9757.7734
2013-10-30,9764.6722
2013-11-06,9771.6728
2013-11-13,9784.0469
2013-11-20,9790.4505
2013-11-27,9811.9503
2013-12-04,9795.2767
2013-12-11,9811.8462
2013-12-18,9821.8837
2013-12-25,9840.2328
2014-01-01,9841.6328
2014-01-08,9841.0524
2014-01-15,9843.0371
2014-01-22,9865.5648
2014-01-29,9872.7197
2014-02-05,9898.8627
2014-02-12,9922.2137
2014-02-19,9950.7137
2014-02-26,9959.303
2014-03-05,9985.7786
2014-03-12,10000.4905
2014-03-19,10014.4581
2014-03-26,10026.6249
2014-04-02,10027.6684
2014-04-09,10038.1208
2014-04-16,10055.2548
2014-04-23,10067.8506
2014-04-30,10080.3212
2014-05-07,10085.7714
2014-05-14,10108.1596
2014-05-21,10121.9586
2014-05-28,10134.8721
2014-06-04,10140.2536
2014-06-11,10165.3846
2014-06-18,10176.1821
2014-06-25,10185.2296
2014-07-02,10237.6258
2014-07-09,10237.4902
2014-07-16,10241.1257
2014-07-23,10251.7423
2014-07-30,10265.5175
2014-08-06,10279.399
2014-08-13,10288.2533
2014-08-20,10311.4029
2014-08-27,10308.1698
2014-09-03,10323.7465
2014-09-10,10336.892
2014-09-17,10353.8778
2014-09-24,10370.387
2014-10-01,10373.7639
2014-10-08,10372.6947
2014-10-15,10383.9582
2014-10-22,10393.4129
2014-10-29,10380.132
2014-11-05,10394.7768
2014-11-12,10427.4757
2014-11-19,10437.8269
2014-11-26,10471.6084
2014-12-03,10478.737
2014-12-10,10508.2874
2014-12-17,10520.8385
2014-12-24,10562.2362
2014-12-31,10576.7316
2015-01-07,10591.4162
2015-01-14,10616.7496
2015-01-21,10632.6781
2015-01-28,10631.5696
2015-02-04,10655.9793
2015-02-11,10682.1374
2015-02-18,10701.191
2015-02-25,10741.989
2015-03-04,10758.4759
2015-03-11,10770.2413
2015-03-18,10800.7377
2015-03-25,10811.9193
2015-04-01,10843.1159
2015-04-08,10838.2474
2015-04-15,10858.0952
2015-04-22,10868.564
2015-04-29,10885.4561
2015-05-06,10899.7565
2015-05-13,10912.7801
2015-05-20,10939.482
2015-05-27,10950.831
2015-06-03,10949.9875
2015-06-10,10971.9401
2015-06-17,10989.3362
2015-06-24,10999.005
2015-07-01,11001.7792
2015-07-08,10990.7912
2015-07-15,11008.102
2015-07-22,11016.8565
2015-07-29,11016.7903
2015-08-05,11048.4302
2015-08-12,11060.1854
2015-08-19,11082.7138
2015-08-26,11087.3025
2015-09-02,11097.9914
2015-09-09,11106.4844
2015-09-16,11098.8483
2015-09-23,11110.1299
2015-09-30,11145.7604
2015-10-07,11149.2652
2015-10-14,11177.5155
2015-10-21,11176.0562
2015-10-28,11182.8639
2015-11-04,11216.6864
2015-11-11,11240.7551
2015-11-18,11259.4853
2015-11-25,11276.5426
2015-12-02,11295.9348
2015-12-09,11326.5762
2015-12-16,11341.4678
2015-12-23,11346.9818
2015-12-30,11350.495
2016-01-06,11375.4118
2016-01-13,11379.5063
2016-01-20,11404.2129
2016-01-27,11417.6962
2016-02-03,11458.2612
2016-02-10,11461.6833
2016-02-17,11461.8899
2016-02-24,11469.9369
2016-03-02,11526.8986
2016-03-09,11550.6779
2016-03-16,11553.2298
2016-03-23,11570.0579
2016-03-30,11573.0297
2016-04-06,11597.5324
2016-04-13,11621.6581
2016-04-20,11636.9943
2016-04-27,11658.1744
2016-05-04,11689.7673
2016-05-11,11705.605
2016-05-18,11703.1044
2016-05-25,11722.3995
2016-06-01,11745.8501
2016-06-08,11756.3094
2016-06-15,11764.5146
2016-06-22,11782.6616
2016-06-29,11820.0984
2016-07-06,11843.6712
2016-07-13,11864.5137
2016-07-20,11857.1981
2016-07-27,11872.6746
2016-08-03,11871.2517
2016-08-10,11893.4884
2016-08-17,11886.893
2016-08-24,11911.2336
2016-08-31,11943.3388
2016-09-07,11955.0339
2016-09-14,11979.854
2016-09-21,11990.3886
2016-09-28,12005.3168
2016-10-05,12035.9308
2016-10-12,12044.2461
2016-10-19,12064.6141
2016-10-26,12071.4711
2016-11-02,12084.7321
2016-11-09,12083.5448
2016-11-16,12079.6228
2016-11-23,12067.7683
2016-11-30,12082.8904
2016-12-07,12075.3534
2016-12-14,12077.0166
2016-12-21,12070.6134
2016-12-28,12061.8478
2017-01-04,12091.5652
2017-01-11,12099.0835
2017-01-18,12107.3472
2017-01-25,12111.9568
2017-02-01,12127.4965
2017-02-08,12133.8239
2017-02-15,12151.5546
2017-02-22,12156.7558
2017-03-01,12165.7117
2017-03-08,12155.5127
2017-03-15,12173.0523
2017-03-22,12172.1979
2017-03-29,12157.8495
2017-04-05,12192.2283
2017-04-12,12192.8246
2017-04-19,12198.5557
2017-04-26,12196.7216
2017-05-03,12213.1593
2017-05-10,12225.1262
2017-05-17,12241.1751
2017-05-24,12258.2491
2017-05-31,12255.3449
2017-06-07,12240.6716
2017-06-14,12247.9506
2017-06-21,12255.0646
2017-06-28,12250.038
2017-07-05,12266.6963
2017-07-12,12284.1871
2017-07-19,12296.3316
2017-07-26,12301.5718
2017-08-02,12313.2091
2017-08-09,12314.9253
2017-08-16,12315.7554
2017-08-23,12336.3431
2017-08-30,12333.753
2017-09-06,12348.303
2017-09-13,12342.6843
2017-09-20,12397.6633
2017-09-27,12398.1899
2017-10-04,12416.7193
2017-10-11,12439.0079
2017-10-18,12451.9833
2017-10-25,12450.8143
2017-11-01,12461.8151
2017-11-08,12472.2082
2017-11-15,12473.433
2017-11-22,12485.2083
2017-11-29,12524.5791
2017-12-06,12540.2369
2017-12-13,12533.2591
2017-12-20,12543.2491
2017-12-27,12567.8911
2018-01-03,12565.7668
2018-01-10,12562.6534
2018-01-17,12570.2438
2018-01-24,12572.8085
2018-01-31,12578.4054
2018-02-07,12565.538
2018-02-14,12580.6868
2018-02-21,12580.4487
2018-02-28,12592.4403
2018-03-07,12579.6835
2018-03-14,12592.5461
2018-03-21,12587.3904
2018-03-28,12597.4296
2018-04-04,12636.1269
2018-04-11,12648.0744
2018-04-18,12656.8386
2018-04-25,12660.9661
2018-05-02,12664.2579
2018-05-09,12670.3587
2018-05-16,12666.6495
2018-05-23,12693.3729
2018-05-30,12710.0324
2018-06-06,12720.0101
2018-06-13,12737.2697
2018-06-20,12784.6397
2018-06-27,12792.0178
2018-07-04,12775.4573
2018-07-11,12807.8863
2018-07-18,12803.0202
2018-07-25,12814.7505
2018-08-01,12796.6329
2018-08-08,12802.9433
2018-08-15,12815.543
2018-08-22,12829.3855
2018-08-29,12829.5922
2018-09-05,12840.5247
2018-09-12,12855.9189
2018-09-19,12865.4688
2018-09-26,12866.4979
2018-10-03,12894.568
2018-10-10,12895.3863
2018-10-17,12896.8924
2018-10-24,12924.9507
2018-10-31,12919.7733
2018-11-07,12913.3193
2018-11-14,12947.8642
2018-11-21,12973.432
2018-11-28,12972.5108
2018-12-05,13007.7128
2018-12-12,13044.6317
2018-12-19,13071.9584
2018-12-26,13114.2544
2019-01-02,13150.9159
2019-01-09,13169.9517
2019-01-16,13184.1899
2019-01-23,13192.817
2019-01-30,13180.0167
2019-02-06,13203.0827
2019-02-13,13233.5625
2019-02-20,13237.7085
2019-02-27,13237.8052
2019-03-06,13242.9299
2019-03-13,13261.4441
2019-03-20,13295.9227
2019-03-27,13285.4761
2019-04-03,13293.2359
2019-04-10,13294.3905
2019-04-17,13330.2234
2019-04-24,13356.4343
2019-05-01,13364.7798
2019-05-08,13381.0033
2019-05-15,13405.1788
2019-05-22,13414.7748
2019-05-29,13406.4151
2019-06-05,13424.6148
2019-06-12,13447.0408
2019-06-19,13473.0521
2019-06-26,13503.9807
2019-07-03,13511.0944
2019-07-10,13513.0592
2019-07-17,13504.6569
2019-07-24,13536.137
2019-07-31,13552.5199
2019-08-07,13568.5232
2019-08-14,13589.9516
2019-08-21,13628.7727
2019-08-28,13638.1218
2019-09-04,13662.991
2019-09-11,13689.5751
2019-09-18,13729.8405
2019-09-25,13748.755
2019-10-02,13746.2461
2019-10-09,13740.874
2019-10-16,13757.0082
2019-10-23,13772.9309
2019-10-30,13776.7027
2019-11-06,13792.3889
2019-11-13,13815.284
2019-11-20,13821.5462
2019-11-27,13850.731
2019-12-04,13856.8583
2019-12-11,13897.0959
2019-12-18,13852.7823
2019-12-25,13859.0226
2020-01-01,13852.3383
2020-01-08,13858.4619
2020-01-15,13876.2184
2020-01-22,13890.2137
2020-01-29,13897.0949
2020-02-05,13921.74
2020-02-12,13904.8121
2020-02-19,13953.0594
2020-02-26,13975.8292
2020-03-04,14067.6893
2020-03-11,14130.2955
2020-03-18,14384.0529
2020-03-25,14664.622
2020-04-01,14733.4862
2020-04-08,14711.7575
2020-04-15,14722.5616
2020-04-22,14808.901
2020-04-29,14857.1155
2020-05-06,14895.0139
2020-05-13,14877.5235
2020-05-20,14857.8653
2020-05-27,14837.6423
2020-06-03,14843.0647
2020-06-10,14856.953
2020-06-17,14864.8426
2020-06-24,14854.1602
2020-07-01,14864.2156
2020-07-08,14883.7771
2020-07-15,14919.7732
2020-07-22,14924.2174
2020-07-29,14909.8389
2020-08-05,14936.4787
2020-08-12,14917.6349
2020-08-19,14919.6357
2020-08-26,14928.0699
2020-09-02,14964.9276
2020-09-09,14977.3521
2020-09-16,14965.433
2020-09-23,14970.0459
2020-09-30,14969.9323
2020-10-07,14971.9127
2020-10-14,14966.7416
2020-10-21,14978.224
2020-10-28,14981.9066
2020-11-04,15016.5674
2020-11-11,15024.9999
2020-11-18,15027.9986
2020-11-25,15024.2218
2020-12-02,15036.7776
2020-12-09,15023.718
2020-12-16,15041.1428
2020-12-23,15043.4892
2020-12-30,15062.7737
2021-01-06,15082.0613
2021-01-13,15071.9146
2021-01-20,15083.9599
2021-01-27,15126.9763
2021-02-03,15170.4774
2021-02-10,15190.5469
2021-02-17,15222.4213
2021-02-24,15249.3772
2021-03-03,15298.5321
2021-03-10,15322.4055
2021-03-17,15335.2503
2021-03-24,15368.5584
2021-03-31,15375.1002
2021-04-07,15373.3693
2021-04-14,15405.1159
2021-04-21,15417.3353
2021-04-28,15453.626
2021-05-05,15506.9081
2021-05-12,15537.477
2021-05-19,15563.4771
2021-05-26,15574.0571
2021-06-02,15589.5065
2021-06-09,15606.0388
2021-06-16,15578.1368
2021-06-23,15576.7371
2021-06-30,15624.4596
2021-07-07,15642.2386
2021-07-14,15655.5721
2021-07-21,15656.1634
2021-07-28,15691.1903
2021-08-04,15719.43
2021-08-11,15721.9395
2021-08-18,15752.5435
2021-08-25,15773.1187
2021-09-01,15833.8302
2021-09-08,15834.563
2021-09-15,15864.5084
2021-09-22,15871.1282
2021-09-29,15940.3436
2021-10-06,15982.5035
2021-10-13,16029.0914
2021-10-20,16073.998
2021-10-27,16089.7859
2021-11-03,16164.5449
2021-11-10,16173.8648
2021-11-17,16209.1932
2021-11-24,16247.2961
2021-12-01,16289.5536
2021-12-08,16302.9876
2021-12-15,16376.1301
2021-12-22,16437.6643
2021-12-29,16478.6233
2022-01-05,16553.8499
2022-01-12,16567.4206
2022-01-19,16569.6179
2022-01-26,16576.8758
2022-02-02,16605.5886
2022-02-09,16626.9996
2022-02-16,16642.4793
2022-02-23,16693.2029
2022-03-02,16740.7742
2022-03-09,16775.3523
2022-03-16,16786.9224
2022-03-23,16835.4378
2022-03-30,16858.2056
2022-04-06,16860.3777
2022-04-13,16904.8241
2022-04-20,16919.2278
2022-04-27,16941.0039
2022-05-04,16948.8891
2022-05-11,17000.3837
2022-05-18,17021.9455
2022-05-25,17069.7974
2022-06-01,17086.5533
2022-06-08,17118.7142
2022-06-15,17117.5789
2022-06-22,17165.8228
2022-06-29,17181.6154
2022-07-06,17209.2832
2022-07-13,17232.2235
2022-07-20,17250.9642
2022-07-27,17281.6191
2022-08-03,17297.9188
2022-08-10,17323.29
2022-08-17,17329.0354
2022-08-24,17329.7609
2022-08-31,17320.5807
2022-09-07,17324.5117
2022-09-14,17342.9395
2022-09-21,17359.772
2022-09-28,17347.606
2022-10-05,17352.1587
2022-10-12,17355.8085
2022-10-19,17355.7354
2022-10-26,17373.4386
2022-11-02,17381.1552
2022-11-09,17388.1765
2022-11-16,17413.1478
2022-11-23,17423.377
2022-11-30,17432.422
2022-12-07,17530.5922
2022-12-14,17526.4104
2022-12-21,17502.281
2022-12-28,17498.4906
2023-01-04,17516.4911
2023-01-11,17530.7779
2023-01-18,17555.8364
2023-01-25,17567.0437
2023-02-01,17595.3439
2023-02-08,17588.227
2023-02-15,17594.2828
2023-02-22,17577.6577
2023-03-01,17561.5686
2023-03-08,17540.9121
2023-03-15,17579.6554
2023-03-22,17456.5531
2023-03-29,17325.894
2023-04-05,17351.693
2023-04-12,17316.8937
2023-04-19,17332.706
2023-04-26,17356.1764
2023-05-03,17339.3044
2023-05-10,17338.7466
2023-05-17,17312.5718
2023-05-24,17309.352
2023-05-31,17308.7434
2023-06-07,17255.4586
2023-06-14,17269.9206
2023-06-21,17273.8042
2023-06-28,17258.1135
2023-07-05,17241.6439
2023-07-12,17256.0909
2023-07-19,17273.629
2023-07-26,17266.8029
2023-08-02,17258.1797
2023-08-09,17249.4143
2023-08-16,17256.8921
2023-08-23,17277.5833
2023-08-30,17269.7689
2023-09-06,17262.1748
2023-09-13,17270.6087
2023-09-20,17285.1362
2023-09-27,17270.387
2023-10-04,17267.3799
2023-10-11,17284.948
2023-10-18,17262.8934
2023-10-25,17283.3634
2023-11-01,17274.8509
2023-11-08,17279.5896
2023-11-15,17269.881
2023-11-22,17283.1615
2023-11-29,17296.3463
2023-12-06,17320.3571
2023-12-13,17335.69
2023-12-20,17360.6422
2023-12-27,17375.1088
2024-01-03,17388.6921
2024-01-10,17415.41
2024-01-17,17421.3211
2024-01-24,17438.5475
2024-01-31,17453.226
2024-02-07,17426.9129
2024-02-14,17462.5958
2024-02-21,17455.7463
2024-02-28,17488.2599
2024-03-06,17509.7809
2024-03-13,17577.04
2024-03-20,17574.9875
2024-03-27,17593.6027
2024-04-03,17561.2537
2024-04-10,17521.502
2024-04-17,17513.6138
2024-04-24,17524.6961
2024-05-01,17531.0093
2024-05-08,17550.1167
2024-05-15,17590.9832
2024-05-22,17566.9963
2024-05-29,17563.2793
2024-06-05,17609.1488
2024-06-12,17614.4517
2024-06-19,17661.5098
2024-06-26,17673.157
2024-07-03,17679.3273
2024-07-10,17689.5855
2024-07-17,17704.5919
2024-07-24,17720.2747
2024-07-31,17739.0452
2024-08-07,17747.2152
2024-08-14,17786.8991
2024-08-21,17796.4612
2024-08-28,17781.6872
2024-09-04,17805.3774
2024-09-11,17827.0054
2024-09-18,17839.8021
2024-09-25,17863.579
2024-10-02,17890.7964
2024-10-09,17905.288
2024-10-16,17923.266
2024-10-23,17935.483
2024-10-30,17944.8893
2024-11-06,17928.7477
2024-11-13,17951.1185
2024-11-20,17935.9595
2024-11-27,17961.2034
2024-12-04,17959.7509
2024-12-11,17977.184
2024-12-18,17966.5369
2024-12-25,17974.8809
2025-01-01,17970.0629
2025-01-08,17985.6595
2025-01-15,17982.4597
2025-01-22,18019.8761
2025-01-29,18003.0573
2025-02-05,18020.8304
2025-02-12,18029.0793
2025-02-19,18065.2246
2025-02-26,18092.7713
2025-03-05,18118.0811
2025-03-12,18125.0852
2025-03-19,18162.1504
2025-03-26,18180.5634
2025-04-02,18193.3911
2025-04-09,18236.6152
2025-04-16,18304.7547
2025-04-23,18318.9552
2025-04-30,18365.1299
2025-05-07,18359.1161
2025-05-14,18370.1092
2025-05-21,18383.4657
2025-05-28,18399.1918
2025-06-04,18406.1273
2025-06-11,18441.7514
2025-06-18,18462.322
2025-06-25,18473.5209
2025-07-02,18517.719
2025-07-09,18537.4604
2025-07-16,18554.6106
2025-07-23,18583.5058
2025-07-30,18600.6194
2025-08-06,18624.0375
2025-08-13,18651.0952
2025-08-20,18648.9623
2025-08-27,18714.5143
2025-09-03,18699.4949
2025-09-10,18725.1785
2025-09-17,18735.4884
2025-09-24,18758.4085
2025-10-01,18782.9184
2025-10-08,18791.2907
2025-10-15,18826.3065
2025-10-22,18850.6519
2025-10-29,18839.8427
2025-11-05,18867.7891
2025-11-12,18896.4335
2025-11-19,18922.6175
2025-11-26,18937.472
2025-12-03,18910.5332
2025-12-10,18927.6533
2025-12-17,18943.2771
2025-12-24,18968.409
2025-12-31,18964.2829
2026-01-07,19021.6213
2026-01-14,19070.7068
2026-01-21,19130.857
2026-01-28,19145.95
2026-02-04,19185.032
2026-02-11,19241.8798
2026-02-18,19266.8543
2026-02-25,19270.894
2026-03-04,19310.4475
2026-03-11,19342.6035
2026-03-18,19352.4128
2026-03-25,19378.859
2026-04-01,19423.6549
2026-04-08,19450.9764
2026-04-15,19468.2854
2026-04-22,19459.5965
2026-04-29,19465.83
2026-05-06,19503.2283
2026-05-13,19539.0675
2026-05-20,19574.7662
2026-05-27,19596.0216
2026-06-03,19588.1281
2026-06-10,19646.069
2026-06-17,19660.3214
2026-06-24,19684.2237
2026-07-01,19653.9801
2026-07-08,19680.0851
2026-07-15,19773.5404
2026-07-22,19748.037
2026-07-29,19777.0636
2026-08-05,19793.2007
2026-08-12,19804.2194
2026-08-19,19840.3951
2026-08-26,19843.9224
2026-09-02,19846.8319
2026-09-09,19878.4093
2026-09-16,19887.6539
2026-09-23,19862.5105
