Date,WRESBAL
1984-01-04,22.305
1984-01-11,21.443
1984-01-18,21.467
1984-01-25,20.922
1984-02-01,20.825
1984-02-08,18.553
1984-02-15,18.344
1984-02-22,18.07
1984-02-29,18.353
1984-03-07,19.004
1984-03-14,20.776
1984-03-21,18.411
1984-03-28,19.325
1984-04-04,19.805
1984-04-11,20.672
1984-04-18,19.946
1984-04-25,21.166
1984-05-02,18.712
1984-05-09,21.372
1984-05-16,22.479
1984-05-23,16.324
1984-05-30,19.531
1984-06-06,19.167
1984-06-13,20.261
1984-06-20,21.03
1984-06-27,21.474
1984-07-04,18.952
1984-07-11,20.215
1984-07-18,20.904
1984-07-25,19.118
1984-08-01,19.071
1984-08-08,19.637
1984-08-15,19.728
1984-08-22,18.871
1984-08-29,18.614
1984-09-05,20.327
1984-09-12,20.036
1984-09-19,19.786
1984-09-26,20.334
1984-10-03,21.011
1984-10-10,19.892
1984-10-17,20.214
1984-10-24,19.035
1984-10-31,19.422
1984-11-07,21.717
1984-11-14,20.951
1984-11-21,20.566
1984-11-28,20.919
1984-12-05,21.506
1984-12-12,22.338
1984-12-19,20.816
1984-12-26,20.351
1985-01-02,23.995
1985-01-09,23.137
1985-01-16,22.5
1985-01-23,20.027
1985-01-30,20.734
1985-02-06,20.257
1985-02-13,19.599
1985-02-20,20.176
1985-02-27,21.253
1985-03-06,23.652
1985-03-13,21.171
1985-03-20,21.658
1985-03-27,21.266
1985-04-03,23.93
1985-04-10,22.221
1985-04-17,24.484
1985-04-24,22.596
1985-05-01,21.293
1985-05-08,24.259
1985-05-15,21.328
1985-05-22,22.722
1985-05-29,21.902
1985-06-05,23.29
1985-06-12,24.49
1985-06-19,23.211
1985-06-26,22.508
1985-07-03,23.673
1985-07-10,22.97
1985-07-17,25.588
1985-07-24,23.303
1985-07-31,22.399
1985-08-07,23.27
1985-08-14,23.712
1985-08-21,22.389
1985-08-28,23.829
1985-09-04,25.305
1985-09-11,23.894
1985-09-18,24.322
1985-09-25,25.7
1985-10-02,25.935
1985-10-09,25.152
1985-10-16,24.4
1985-10-23,26.056
1985-10-30,25.697
1985-11-06,25.539
1985-11-13,27.207
1985-11-20,25.274
1985-11-27,27.903
1985-12-04,26.093
1985-12-11,27.562
1985-12-18,27.484
1985-12-25,28.326
1986-01-01,27.574
1986-01-08,27.558
1986-01-15,29.218
1986-01-22,25.966
1986-01-29,23.461
1986-02-05,24.463
1986-02-12,23.437
1986-02-19,25.982
1986-02-26,24.042
1986-03-05,26.959
1986-03-12,27.251
1986-03-19,27.033
1986-03-26,26.462
1986-04-02,29.035
1986-04-09,27.545
1986-04-16,27.69
1986-04-23,31.14
1986-04-30,27.534
1986-05-07,29.809
1986-05-14,27.933
1986-05-21,27.838
1986-05-28,27.413
1986-06-04,29.635
1986-06-11,29.352
1986-06-18,30.972
1986-06-25,28.957
1986-07-02,29.28
1986-07-09,30.681
1986-07-16,31.825
1986-07-23,28.978
1986-07-30,30.161
1986-08-06,30.565
1986-08-13,29.838
1986-08-20,28.899
1986-08-27,30.675
1986-09-03,31.669
1986-09-10,31.374
1986-09-17,31.47
1986-09-24,32.75
1986-10-01,32.395
1986-10-08,31.923
1986-10-15,32.059
1986-10-22,33.967
1986-10-29,32.815
1986-11-05,34.298
1986-11-12,34.392
1986-11-19,35.527
1986-11-26,35.198
1986-12-03,35.252
1986-12-10,36.86
1986-12-17,36.158
1986-12-24,37.828
1986-12-31,39.723
1987-01-07,37.967
1987-01-14,39.507
1987-01-21,35.21
1987-01-28,35.323
1987-02-04,33.11
1987-02-11,32.983
1987-02-18,34.98
1987-02-25,32.514
1987-03-04,35.002
1987-03-11,35.729
1987-03-18,34.468
1987-03-25,35.148
1987-04-01,36.309
1987-04-08,36.399
1987-04-15,36.939
1987-04-22,40.556
1987-04-29,34.474
1987-05-06,40.736
1987-05-13,36.248
1987-05-20,36.443
1987-05-27,35.863
1987-06-03,36.207
1987-06-10,37.577
1987-06-17,36.811
1987-06-24,35.748
1987-07-01,35.331
1987-07-08,39.109
1987-07-15,35.115
1987-07-22,35.214
1987-07-29,35.297
1987-08-05,36.08
1987-08-12,35.604
1987-08-19,34.733
1987-08-26,35.629
1987-09-02,35.843
1987-09-09,36.789
1987-09-16,37.527
1987-09-23,36.214
1987-09-30,34.716
1987-10-07,39.01
1987-10-14,38.421
1987-10-21,34.924
1987-10-28,39.365
1987-11-04,37.355
1987-11-11,37.038
1987-11-18,38.033
1987-11-25,36.187
1987-12-02,37.991
1987-12-09,38.969
1987-12-16,37.591
1987-12-23,36.772
1987-12-30,37.366
1988-01-06,39.371
1988-01-13,38.981
1988-01-20,39.533
1988-01-27,34.534
1988-02-03,35.054
1988-02-10,32.406
1988-02-17,34.424
1988-02-24,33.793
1988-03-02,36.339
1988-03-09,34.829
1988-03-16,36.064
1988-03-23,35.458
1988-03-30,36.451
1988-04-06,37.512
1988-04-13,39.201
1988-04-20,39.065
1988-04-27,39.03
1988-05-04,37.637
1988-05-11,34.686
1988-05-18,38.832
1988-05-25,34.885
1988-06-01,36.559
1988-06-08,39.227
1988-06-15,38.14
1988-06-22,37.506
1988-06-29,37.045
1988-07-06,38.478
1988-07-13,39.183
1988-07-20,37.691
1988-07-27,37.122
1988-08-03,38.36
1988-08-10,36.35
1988-08-17,37.161
1988-08-24,35.756
1988-08-31,37.301
1988-09-07,37.182
1988-09-14,37.841
1988-09-21,37.441
1988-09-28,36.079
1988-10-05,37.06
1988-10-12,36.935
1988-10-19,36.443
1988-10-26,36.21
1988-11-02,35.981
1988-11-09,38.558
1988-11-16,37.886
1988-11-23,36.231
1988-11-30,35.738
1988-12-07,38.725
1988-12-14,38.044
1988-12-21,37.004
1988-12-28,37.299
1989-01-04,37.816
1989-01-11,39.632
1989-01-18,38.981
1989-01-25,34.068
1989-02-01,33.215
1989-02-08,31.422
1989-02-15,33.425
1989-02-22,31.469
1989-03-01,33.291
1989-03-08,35.665
1989-03-15,35.228
1989-03-22,34.234
1989-03-29,34.674
1989-04-05,34.774
1989-04-12,36.039
1989-04-19,36.453
1989-04-26,36.118
1989-05-03,35.646
1989-05-10,35.531
1989-05-17,32.273
1989-05-24,32.256
1989-05-31,31.714
1989-06-07,35.325
1989-06-14,33.953
1989-06-21,32.885
1989-06-28,33.033
1989-07-05,33.798
1989-07-12,35.923
1989-07-19,33.207
1989-07-26,33.633
1989-08-02,33.258
1989-08-09,32.702
1989-08-16,32.748
1989-08-23,32.467
1989-08-30,33.262
1989-09-06,32.873
1989-09-13,33.793
1989-09-20,34.98
1989-09-27,31.637
1989-10-04,33.527
1989-10-11,33.546
1989-10-18,33.634
1989-10-25,32.022
1989-11-01,33.592
1989-11-08,35.216
1989-11-15,33.717
1989-11-22,32.903
1989-11-29,33.866
1989-12-06,35.268
1989-12-13,35.515
1989-12-20,34.878
1989-12-27,35.417
1990-01-03,36.342
1990-01-10,36.91
1990-01-17,34.965
1990-01-24,33.918
1990-01-31,29.436
1990-02-07,30.254
1990-02-14,29.762
1990-02-21,31.372
1990-02-28,31.646
1990-03-07,33.825
1990-03-14,33.788
1990-03-21,33.746
1990-03-28,32.358
1990-04-04,34.496
1990-04-11,36.064
1990-04-18,36.789
1990-04-25,35.291
1990-05-02,34.47
1990-05-09,33.958
1990-05-16,33.794
1990-05-23,30.764
1990-05-30,31.774
1990-06-06,32.679
1990-06-13,36.084
1990-06-20,32.87
1990-06-27,33.918
1990-07-04,33.81
1990-07-11,34.102
1990-07-18,32.213
1990-07-25,32.589
1990-08-01,31.41
1990-08-08,33.345
1990-08-15,31.952
1990-08-22,32.998
1990-08-29,32.074
1990-09-05,32.907
1990-09-12,34.831
1990-09-19,33.803
1990-09-26,32.442
1990-10-03,32.356
1990-10-10,34.759
1990-10-17,30.936
1990-10-24,31.812
1990-10-31,30.94
1990-11-07,34.081
1990-11-14,33.562
1990-11-21,32.952
1990-11-28,32.732
1990-12-05,35.345
1990-12-12,32.759
1990-12-19,27.833
1990-12-26,28.99
1991-01-02,32.634
1991-01-09,19.792
1991-01-16,21.486
1991-01-23,20.896
1991-01-30,18.105
1991-02-06,19.468
1991-02-13,18.85
1991-02-20,21.259
1991-02-27,18.673
1991-03-06,21.805
1991-03-13,21.658
1991-03-20,22.746
1991-03-27,20.71
1991-04-03,23.183
1991-04-10,25.103
1991-04-17,23.414
1991-04-24,22.1
1991-05-01,24.022
1991-05-08,22.312
1991-05-15,23.505
1991-05-22,20.735
1991-05-29,21.998
1991-06-05,24.176
1991-06-12,23.883
1991-06-19,22.412
1991-06-26,24.277
1991-07-03,23.055
1991-07-10,24.664
1991-07-17,22.721
1991-07-24,23.227
1991-07-31,22.359
1991-08-07,23.711
1991-08-14,22.529
1991-08-21,22.489
1991-08-28,22.534
1991-09-04,23.625
1991-09-11,24.047
1991-09-18,25.495
1991-09-25,21.397
1991-10-02,22.672
1991-10-09,22.964
1991-10-16,23.889
1991-10-23,21.553
1991-10-30,24.413
1991-11-06,24.689
1991-11-13,26.304
1991-11-20,23.671
1991-11-27,24.629
1991-12-04,25.738
1991-12-11,27.94
1991-12-18,24.875
1991-12-25,27.403
1992-01-01,27.582
1992-01-08,27.535
1992-01-15,25.833
1992-01-22,26.471
1992-01-29,21.911
1992-02-05,22.844
1992-02-12,23.525
1992-02-19,26.702
1992-02-26,25.325
1992-03-04,26.462
1992-03-11,28.724
1992-03-18,29.5
1992-03-25,26.294
1992-04-01,28.884
1992-04-08,22.777
1992-04-15,23.035
1992-04-22,21.981
1992-04-29,22.306
1992-05-06,20.929
1992-05-13,22.577
1992-05-20,19.713
1992-05-27,21.003
1992-06-03,20.497
1992-06-10,22.26
1992-06-17,20.418
1992-06-24,22.005
1992-07-01,20.481
1992-07-08,21.544
1992-07-15,20.722
1992-07-22,21.823
1992-07-29,20.507
1992-08-05,22.021
1992-08-12,20.116
1992-08-19,22.911
1992-08-26,19.714
1992-09-02,22.279
1992-09-09,22.084
1992-09-16,24.813
1992-09-23,20.45
1992-09-30,23.641
1992-10-07,22.701
1992-10-14,24.922
1992-10-21,23.145
1992-10-28,22.921
1992-11-04,24.713
1992-11-11,26.364
1992-11-18,25.285
1992-11-25,26.169
1992-12-02,24.786
1992-12-09,24.286
1992-12-16,25.369
1992-12-23,25.063
1992-12-30,26.519
1993-01-06,26.624
1993-01-13,23.55
1993-01-20,24.521
1993-01-27,20.618
1993-02-03,22.383
1993-02-10,22.484
1993-02-17,24.16
1993-02-24,22.787
1993-03-03,25.893
1993-03-10,23.585
1993-03-17,24.476
1993-03-24,23.852
1993-03-31,25.649
1993-04-07,25.682
1993-04-14,27.54
1993-04-21,27.035
1993-04-28,28.133
1993-05-05,25.525
1993-05-12,24.932
1993-05-19,24.483
1993-05-26,28.31
1993-06-02,24.433
1993-06-09,28.648
1993-06-16,26.22
1993-06-23,26.481
1993-06-30,26.217
1993-07-07,26.954
1993-07-14,25.681
1993-07-21,29.292
1993-07-28,24.548
1993-08-04,25.954
1993-08-11,26.763
1993-08-18,27.116
1993-08-25,25.12
1993-09-01,27.999
1993-09-08,27.373
1993-09-15,28.049
1993-09-22,23.276
1993-09-29,30.467
1993-10-06,27.811
1993-10-13,27.88
1993-10-20,28.295
1993-10-27,29.343
1993-11-03,27.137
1993-11-10,28.898
1993-11-17,28.053
1993-11-24,31.433
1993-12-01,27.885
1993-12-08,30.119
1993-12-15,28.598
1993-12-22,29.296
1993-12-29,30.83
1994-01-05,29.957
1994-01-12,28.696
1994-01-19,28.801
1994-01-26,24.236
1994-02-02,27.096
1994-02-09,26.638
1994-02-16,26.103
1994-02-23,25.79
1994-03-02,29.835
1994-03-09,27.101
1994-03-16,27.181
1994-03-23,27.193
1994-03-30,27.678
1994-04-06,30.141
1994-04-13,29.149
1994-04-20,30.313
1994-04-27,30.111
1994-05-04,26.682
1994-05-11,26.747
1994-05-18,26.349
1994-05-25,27.358
1994-06-01,26.302
1994-06-08,27.349
1994-06-15,26.106
1994-06-22,26.844
1994-06-29,24.817
1994-07-06,27.673
1994-07-13,26.689
1994-07-20,26.999
1994-07-27,23.365
1994-08-03,26.108
1994-08-10,26.761
1994-08-17,24.452
1994-08-24,24.927
1994-08-31,25.297
1994-09-07,25.704
1994-09-14,25.741
1994-09-21,24.404
1994-09-28,24.89
1994-10-05,24.546
1994-10-12,25.158
1994-10-19,24.565
1994-10-26,25.492
1994-11-02,24.617
1994-11-09,22.926
1994-11-16,24.701
1994-11-23,26.049
1994-11-30,23.939
1994-12-07,25.357
1994-12-14,23.569
1994-12-21,25.034
1994-12-28,25.266
1995-01-04,25.09
1995-01-11,23.444
1995-01-18,24.437
1995-01-25,19.804
1995-02-01,19.404
1995-02-08,20.24
1995-02-15,21.838
1995-02-22,22.217
1995-03-01,23.218
1995-03-08,22.666
1995-03-15,22.036
1995-03-22,20.989
1995-03-29,24.757
1995-04-05,24.181
1995-04-12,22.652
1995-04-19,24.389
1995-04-26,26.718
1995-05-03,21.236
1995-05-10,22.762
1995-05-17,20.9
1995-05-24,21.893
1995-05-31,20.762
1995-06-07,20.999
1995-06-14,20.925
1995-06-21,22.024
1995-06-28,20.559
1995-07-05,20.545
1995-07-12,21.549
1995-07-19,21.918
1995-07-26,18.958
1995-08-02,20.889
1995-08-09,20.577
1995-08-16,21.021
1995-08-23,19.837
1995-08-30,20.947
1995-09-06,20.42
1995-09-13,21.653
1995-09-20,20.024
1995-09-27,20.368
1995-10-04,19.807
1995-10-11,19.959
1995-10-18,20.748
1995-10-25,20.239
1995-11-01,19.427
1995-11-08,19.159
1995-11-15,19.85
1995-11-22,20.702
1995-11-29,19.953
1995-12-06,20.931
1995-12-13,18.676
1995-12-20,20.464
1995-12-27,20.13
1996-01-03,22.993
1996-01-10,21.004
1996-01-17,18.001
1996-01-24,14.738
1996-01-31,15.685
1996-02-07,15.392
1996-02-14,15.71
1996-02-21,16.421
1996-02-28,19.472
1996-03-06,18.156
1996-03-13,18.237
1996-03-20,17.637
1996-03-27,19.357
1996-04-03,18.558
1996-04-10,19.014
1996-04-17,19.048
1996-04-24,21.633
1996-05-01,15.048
1996-05-08,18.721
1996-05-15,15.961
1996-05-22,17.932
1996-05-29,14.176
1996-06-05,18.515
1996-06-12,14.016
1996-06-19,19.117
1996-06-26,15.649
1996-07-03,17.842
1996-07-10,15.608
1996-07-17,16.494
1996-07-24,11.994
1996-07-31,16.92
1996-08-07,15.969
1996-08-14,13.917
1996-08-21,14.33
1996-08-28,14.897
1996-09-04,14.767
1996-09-11,14.486
1996-09-18,12.873
1996-09-25,13.735
1996-10-02,12.87
1996-10-09,12.492
1996-10-16,13.212
1996-10-23,13.075
1996-10-30,11.637
1996-11-06,13.065
1996-11-13,12.267
1996-11-20,13.55
1996-11-27,11.273
1996-12-04,15.104
1996-12-11,11.71
1996-12-18,14.006
1996-12-25,13.033
1997-01-01,15.102
1997-01-08,12.669
1997-01-15,13.48
1997-01-22,8.855
1997-01-29,11.725
1997-02-05,11.106
1997-02-12,11.009
1997-02-19,10.698
1997-02-26,12.944
1997-03-05,11.04
1997-03-12,11.646
1997-03-19,10.051
1997-03-26,12.515
1997-04-02,11.452
1997-04-09,13.789
1997-04-16,11.152
1997-04-23,13.887
1997-04-30,10.19
1997-05-07,12.803
1997-05-14,9.827
1997-05-21,11.288
1997-05-28,9.379
1997-06-04,12.762
1997-06-11,8.373
1997-06-18,11.168
1997-06-25,9.319
1997-07-02,12.195
1997-07-09,10.155
1997-07-16,11.026
1997-07-23,8.128
1997-07-30,9.945
1997-08-06,9.834
1997-08-13,10.618
1997-08-20,10.22
1997-08-27,11.213
1997-09-03,10.682
1997-09-10,10.184
1997-09-17,8.14
1997-09-24,10.241
1997-10-01,11.102
1997-10-08,8.677
1997-10-15,9.231
1997-10-22,10.272
1997-10-29,9.116
1997-11-05,11.793
1997-11-12,10.008
1997-11-19,10.457
1997-11-26,9.346
1997-12-03,12.677
1997-12-10,10.031
1997-12-17,9.355
1997-12-24,11.33
1997-12-31,11.824
1998-01-07,13.329
1998-01-14,9.761
1998-01-21,6.41
1998-01-28,9.759
1998-02-04,10.003
1998-02-11,7.504
1998-02-18,8.57
1998-02-25,10.977
1998-03-04,9.981
1998-03-11,10.402
1998-03-18,10.055
1998-03-25,9.706
1998-04-01,11.85
1998-04-08,9.403
1998-04-15,10.645
1998-04-22,13.356
1998-04-29,9.706
1998-05-06,9.977
1998-05-13,6.6
1998-05-20,12.172
1998-05-27,7.998
1998-06-03,11.803
1998-06-10,8.06
1998-06-17,10.636
1998-06-24,8.074
1998-07-01,12.196
1998-07-08,8.932
1998-07-15,11.519
1998-07-22,7.819
1998-07-29,10.05
1998-08-05,10.236
1998-08-12,10.616
1998-08-19,7.995
1998-08-26,9.581
1998-09-02,11.243
1998-09-09,9.488
1998-09-16,8.882
1998-09-23,8.002
1998-09-30,9.52
1998-10-07,9.649
1998-10-14,7.114
1998-10-21,9.725
1998-10-28,7.751
1998-11-04,11.301
1998-11-11,7.499
1998-11-18,9.513
1998-11-25,7.117
1998-12-02,10.897
1998-12-09,6.813
1998-12-16,11.077
1998-12-23,9.136
1998-12-30,8.978
1999-01-06,14.287
1999-01-13,4.803
1999-01-20,11.452
1999-01-27,8.616
1999-02-03,7.767
1999-02-10,9.732
1999-02-17,7.71
1999-02-24,8.755
1999-03-03,9.019
1999-03-10,9.688
1999-03-17,7.758
1999-03-24,8.856
1999-03-31,10.029
1999-04-07,8.422
1999-04-14,8.365
1999-04-21,8.435
1999-04-28,7.815
1999-05-05,13.275
1999-05-12,7.933
1999-05-19,11.843
1999-05-26,7.617
1999-06-02,12.579
1999-06-09,7.08
1999-06-16,10.022
1999-06-23,5.308
1999-06-30,11.31
1999-07-07,6.763
1999-07-14,8.281
1999-07-21,6.379
1999-07-28,9.296
1999-08-04,8.5
1999-08-11,7.356
1999-08-18,7.564
1999-08-25,7.279
1999-09-01,8.871
1999-09-08,8.069
1999-09-15,7.031
1999-09-22,7.849
1999-09-29,6.627
1999-10-06,8.123
1999-10-13,5.916
1999-10-20,7.146
1999-10-27,5.095
1999-11-03,8.359
1999-11-10,4.488
1999-11-17,8.568
1999-11-24,4.095
1999-12-01,7.621
1999-12-08,4.701
1999-12-15,6.238
1999-12-22,4.045
1999-12-29,5.751
2000-01-05,8.781
2000-01-12,3.829
2000-01-19,3.764
2000-01-26,5.334
2000-02-02,4.826
2000-02-09,3.485
2000-02-16,5.093
2000-02-23,5.253
2000-03-01,7.074
2000-03-08,5.379
2000-03-15,5.42
2000-03-22,7.086
2000-03-29,5.672
2000-04-05,8.7
2000-04-12,6.17
2000-04-19,7.377
2000-04-26,5.825
2000-05-03,9.139
2000-05-10,6.702
2000-05-17,8.669
2000-05-24,5.577
2000-05-31,9.898
2000-06-07,6.097
2000-06-14,7.112
2000-06-21,5.708
2000-06-28,7.475
2000-07-05,8.855
2000-07-12,4.566
2000-07-19,5.821
2000-07-26,7.514
2000-08-02,8.096
2000-08-09,6.694
2000-08-16,6.047
2000-08-23,7.244
2000-08-30,6.07
2000-09-06,7.985
2000-09-13,6.2
2000-09-20,7.035
2000-09-27,5.238
2000-10-04,8.957
2000-10-11,6.015
2000-10-18,6.914
2000-10-25,4.851
2000-11-01,8.948
2000-11-08,4.885
2000-11-15,8.339
2000-11-22,6.801
2000-11-29,8.298
2000-12-06,7.229
2000-12-13,6.497
2000-12-20,5.703
2000-12-27,8.307
2001-01-03,9.531
2001-01-10,4.074
2001-01-17,6.03
2001-01-24,8.734
2001-01-31,5.546
2001-02-07,6.822
2001-02-14,5.005
2001-02-21,7.696
2001-02-28,5.607
2001-03-07,7.66
2001-03-14,4.038
2001-03-21,8.305
2001-03-28,5.595
2001-04-04,8.659
2001-04-11,5.52
2001-04-18,7.116
2001-04-25,4.149
2001-05-02,10.558
2001-05-09,5.261
2001-05-16,9.052
2001-05-23,6.054
2001-05-30,10.239
2001-06-06,7.829
2001-06-13,5.651
2001-06-20,8.265
2001-06-27,5.761
2001-07-04,9.534
2001-07-11,5.203
2001-07-18,6.148
2001-07-25,9.737
2001-08-01,8.601
2001-08-08,6.735
2001-08-15,6.354
2001-08-22,7.73
2001-08-29,6.699
2001-09-05,9.919
2001-09-12,22.273
2001-09-19,66.683
2001-09-26,7.95
2001-10-03,11.082
2001-10-10,12.612
2001-10-17,14.556
2001-10-24,2.965
2001-10-31,19.256
2001-11-07,6.275
2001-11-14,9.78
2001-11-21,9.814
2001-11-28,9.463
2001-12-05,10.53
2001-12-12,6.599
2001-12-19,8.182
2001-12-26,10.231
2002-01-02,12.555
2002-01-09,6.948
2002-01-16,9.614
2002-01-23,11.619
2002-01-30,7.333
2002-02-06,10.996
2002-02-13,6.525
2002-02-20,11.39
2002-02-27,8.512
2002-03-06,11.159
2002-03-13,7.781
2002-03-20,9.319
2002-03-27,7.423
2002-04-03,11.407
2002-04-10,7.279
2002-04-17,11.325
2002-04-24,7.348
2002-05-01,13.096
2002-05-08,7.11
2002-05-15,9.876
2002-05-22,7.001
2002-05-29,12.982
2002-06-05,8.5
2002-06-12,7.232
2002-06-19,6.383
2002-06-26,9.556
2002-07-03,9.904
2002-07-10,5.832
2002-07-17,6.323
2002-07-24,10.066
2002-07-31,7.288
2002-08-07,8.63
2002-08-14,4.728
2002-08-21,10.503
2002-08-28,6.936
2002-09-04,13.059
2002-09-11,6.731
2002-09-18,8.454
2002-09-25,6.464
2002-10-02,12.465
2002-10-09,5.775
2002-10-16,9.907
2002-10-23,6.699
2002-10-30,12.514
2002-11-06,7.912
2002-11-13,9.939
2002-11-20,10.089
2002-11-27,11.027
2002-12-04,10.201
2002-12-11,9.027
2002-12-18,9.028
2002-12-25,11.876
2003-01-01,10.667
2003-01-08,7.859
2003-01-15,9.606
2003-01-22,12.337
2003-01-29,7.139
2003-02-05,11.65
2003-02-12,6.254
2003-02-19,12.588
2003-02-26,8.084
2003-03-05,13.468
2003-03-12,5.511
2003-03-19,13.478
2003-03-26,6.341
2003-04-02,13.314
2003-04-09,5.725
2003-04-16,13.164
2003-04-23,8.29
2003-04-30,15.422
2003-05-07,6.756
2003-05-14,12.795
2003-05-21,10.464
2003-05-28,15.77
2003-06-04,11.994
2003-06-11,10.099
2003-06-18,10.204
2003-06-25,13.382
2003-07-02,12.845
2003-07-09,10.082
2003-07-16,11.134
2003-07-23,14.21
2003-07-30,10.751
2003-08-06,13.477
2003-08-13,8.007
2003-08-20,21.955
2003-08-27,12.019
2003-09-03,16.316
2003-09-10,8.538
2003-09-17,14.516
2003-09-24,9.141
2003-10-01,17.128
2003-10-08,7.138
2003-10-15,12.588
2003-10-22,10.373
2003-10-29,16.292
2003-11-05,12.259
2003-11-12,9.419
2003-11-19,12.226
2003-11-26,12.03
2003-12-03,12.668
2003-12-10,10.144
2003-12-17,9.675
2003-12-24,11.893
2003-12-31,10.686
2004-01-07,9.839
2004-01-14,7.855
2004-01-21,16.761
2004-01-28,9.687
2004-02-04,13.274
2004-02-11,7.469
2004-02-18,11.844
2004-02-25,9.502
2004-03-03,15.018
2004-03-10,9.365
2004-03-17,14.588
2004-03-24,9.339
2004-03-31,14.803
2004-04-07,9.757
2004-04-14,14.601
2004-04-21,14.021
2004-04-28,18.223
2004-05-05,13.025
2004-05-12,13.493
2004-05-19,14.219
2004-05-26,15.726
2004-06-02,15.312
2004-06-09,11.799
2004-06-16,12.032
2004-06-23,14.372
2004-06-30,14.753
2004-07-07,10.724
2004-07-14,11.664
2004-07-21,14.245
2004-07-28,12.113
2004-08-04,16.333
2004-08-11,11.19
2004-08-18,9.619
2004-08-25,10.916
2004-09-01,16.991
2004-09-08,10.128
2004-09-15,13.7
2004-09-22,13.386
2004-09-29,14.99
2004-10-06,10.631
2004-10-13,11.175
2004-10-20,12.733
2004-10-27,12.863
2004-11-03,12.995
2004-11-10,11.377
2004-11-17,12.278
2004-11-24,11.686
2004-12-01,11.754
2004-12-08,12.606
2004-12-15,12.689
2004-12-22,10.747
2004-12-29,9.35
2005-01-05,15.515
2005-01-12,7.18
2005-01-19,17.473
2005-01-26,12.624
2005-02-02,20.963
2005-02-09,7.518
2005-02-16,12.913
2005-02-23,11.391
2005-03-02,16.224
2005-03-09,8.034
2005-03-16,14.101
2005-03-23,13.006
2005-03-30,12.615
2005-04-06,12.369
2005-04-13,9.731
2005-04-20,15.408
2005-04-27,14.57
2005-05-04,12.956
2005-05-11,9.499
2005-05-18,11.848
2005-05-25,13.263
2005-06-01,12.84
2005-06-08,10.552
2005-06-15,10.24
2005-06-22,11.521
2005-06-29,10.799
2005-07-06,11.413
2005-07-13,7.415
2005-07-20,12.934
2005-07-27,10.617
2005-08-03,16.201
2005-08-10,9.125
2005-08-17,9.469
2005-08-24,9.474
2005-08-31,15.024
2005-09-07,9.646
2005-09-14,10.8
2005-09-21,12.817
2005-09-28,14.074
2005-10-05,11.3
2005-10-12,8.504
2005-10-19,11.06
2005-10-26,10.202
2005-11-02,12.248
2005-11-09,7.813
2005-11-16,11.885
2005-11-23,8.337
2005-11-30,10.027
2005-12-07,10.698
2005-12-14,9.663
2005-12-21,9.007
2005-12-28,9.052
2006-01-04,12.589
2006-01-11,7.466
2006-01-18,10.521
2006-01-25,9.765
2006-02-01,13.196
2006-02-08,5.749
2006-02-15,11.26
2006-02-22,7.66
2006-03-01,12.791
2006-03-08,2.795
2006-03-15,15.167
2006-03-22,7.114
2006-03-29,11.285
2006-04-05,10.331
2006-04-12,8.196
2006-04-19,12.054
2006-04-26,9.965
2006-05-03,11.932
2006-05-10,9.977
2006-05-17,11.366
2006-05-24,9.997
2006-05-31,9.59
2006-06-07,11.328
2006-06-14,9.766
2006-06-21,9.629
2006-06-28,8.678
2006-07-05,11.478
2006-07-12,6.678
2006-07-19,10.33
2006-07-26,7.979
2006-08-02,13.836
2006-08-09,6.255
2006-08-16,9.099
2006-08-23,7.087
2006-08-30,12.426
2006-09-06,10.013
2006-09-13,6.616
2006-09-20,10.818
2006-09-27,9.399
2006-10-04,8.373
2006-10-11,8.4
2006-10-18,8.14
2006-10-25,7.914
2006-11-01,8.902
2006-11-08,7.885
2006-11-15,6.661
2006-11-22,8.74
2006-11-29,8.931
2006-12-06,10.118
2006-12-13,5.752
2006-12-20,8.648
2006-12-27,6.867
2007-01-03,12.206
2007-01-10,5.185
2007-01-17,10.161
2007-01-24,6.193
2007-01-31,13.124
2007-02-07,5.436
2007-02-14,8.003
2007-02-21,7.648
2007-02-28,9.378
2007-03-07,7.064
2007-03-14,8.003
2007-03-21,5.262
2007-03-28,9.255
2007-04-04,9.314
2007-04-11,6.27
2007-04-18,9.728
2007-04-25,7.428
2007-05-02,10.169
2007-05-09,9.624
2007-05-16,7.513
2007-05-23,9.562
2007-05-30,7.223
2007-06-06,11.369
2007-06-13,6.25
2007-06-20,10.185
2007-06-27,7.197
2007-07-04,11.055
2007-07-11,5.211
2007-07-18,9.171
2007-07-25,6.215
2007-08-01,12.245
2007-08-08,5.146
2007-08-15,23.801
2007-08-22,8.096
2007-08-29,7.841
2007-09-05,5.953
2007-09-12,8.926
2007-09-19,5.662
2007-09-26,13.425
2007-10-03,12.404
2007-10-10,7.074
2007-10-17,6.969
2007-10-24,7.035
2007-10-31,8.839
2007-11-07,8.618
2007-11-14,6.221
2007-11-21,9.412
2007-11-28,8.8
2007-12-05,9.952
2007-12-12,4.451
2007-12-19,8.685
2007-12-26,5.674
2008-01-02,13.029
2008-01-09,4.149
2008-01-16,11.626
2008-01-23,6.481
2008-01-30,12.402
2008-02-06,8.999
2008-02-13,5.583
2008-02-20,10.523
2008-02-27,8.006
2008-03-05,10.019
2008-03-12,7.487
2008-03-19,15.836
2008-03-26,6.014
2008-04-02,12.639
2008-04-09,6.742
2008-04-16,8.244
2008-04-23,10.668
2008-04-30,9.128
2008-05-07,11.713
2008-05-14,8.609
2008-05-21,11.44
2008-05-28,12.478
2008-06-04,12.099
2008-06-11,6.511
2008-06-18,11.05
2008-06-25,7.114
2008-07-02,14.946
2008-07-09,7.475
2008-07-16,11.69
2008-07-23,6.648
2008-07-30,16.125
2008-08-06,11.329
2008-08-13,9.025
2008-08-20,11.669
2008-08-27,9.75
2008-09-03,11.906
2008-09-10,9.02
2008-09-17,46.998
2008-09-24,104.499
2008-10-01,167.055
2008-10-08,119.718
2008-10-15,281.034
2008-10-22,301.26
2008-10-29,260.924
2008-11-05,493.611
2008-11-12,592.141
2008-11-19,633.849
2008-11-26,577.731
2008-12-03,633.911
2008-12-10,777.875
2008-12-17,800.403
2008-12-24,784.628
2008-12-31,847.821
2009-01-07,877.82
2009-01-14,847.259
2009-01-21,843.051
2009-01-28,795.229
2009-02-04,661.731
2009-02-11,603.078
2009-02-18,689.085
2009-02-25,692.397
2009-03-04,647.729
2009-03-11,628.627
2009-03-18,777.925
2009-03-25,795.806
2009-04-01,804.033
2009-04-08,841.151
2009-04-15,837.749
2009-04-22,924.827
2009-04-29,827.227
2009-05-06,777.037
2009-05-13,858.146
2009-05-20,934.135
2009-05-27,867.413
2009-06-03,853.66
2009-06-10,804.321
2009-06-17,817.587
2009-06-24,692.454
2009-07-01,726.671
2009-07-08,751.528
2009-07-15,781.79
2009-07-22,752.269
2009-07-29,764.658
2009-08-05,718.021
2009-08-12,746.807
2009-08-19,798.188
2009-08-26,842.21
2009-09-02,837.154
2009-09-09,859.581
2009-09-16,867.697
2009-09-23,889.393
2009-09-30,924.381
2009-10-07,958.831
2009-10-14,981.622
2009-10-21,1034.02
2009-10-28,1085.378
2009-11-04,1084.635
2009-11-11,1035.227
2009-11-18,1101.812
2009-11-25,1156.24
2009-12-02,1139.438
2009-12-09,1126.508
2009-12-16,1096.672
2009-12-23,1106.147
2009-12-30,1066.737
2010-01-06,994.051
2010-01-13,1059.208
2010-01-20,1078.881
2010-01-27,1104.555
2010-02-03,1126.672
2010-02-10,1154.075
2010-02-17,1200.695
2010-02-24,1227.597
2010-03-03,1196.337
2010-03-10,1175.338
2010-03-17,1124.978
2010-03-24,1127.725
2010-03-31,1124.679
2010-04-07,1111.072
2010-04-14,1093.863
2010-04-21,1067.938
2010-04-28,1053.074
2010-05-05,1021.581
2010-05-12,1064.462
2010-05-19,1092.54
2010-05-26,1084.219
2010-06-02,1067.106
2010-06-09,1060.078
2010-06-16,1066.441
2010-06-23,1060.334
2010-06-30,1043.38
2010-07-07,1047.031
2010-07-14,1058.516
2010-07-21,1036.195
2010-07-28,1045.219
2010-08-04,1052.386
2010-08-11,1045.18
2010-08-18,1041.298
2010-08-25,1049.221
2010-09-01,1034.529
2010-09-08,1031.31
2010-09-15,1026.976
2010-09-22,975.434
2010-09-29,995.183
2010-10-06,985.331
2010-10-13,1022.21
2010-10-20,983.14
2010-10-27,1003.206
2010-11-03,992.204
2010-11-10,993.685
2010-11-17,983.736
2010-11-24,1011.124
2010-12-01,1003.827
2010-12-08,1050.689
2010-12-15,1053.748
2010-12-22,1013.048
2010-12-29,1027.089
2011-01-05,1001.783
2011-01-12,1066.028
2011-01-19,1071.206
2011-01-26,1078.051
2011-02-02,1087.983
2011-02-09,1152.388
2011-02-16,1224.078
2011-02-23,1265.869
2011-03-02,1292.382
2011-03-09,1358.776
2011-03-16,1395.33
2011-03-23,1391.98
2011-03-30,1450.291
2011-04-06,1472.385
2011-04-13,1522.249
2011-04-20,1486.65
2011-04-27,1471.501
2011-05-04,1467.32
2011-05-11,1517.084
2011-05-18,1547.236
2011-05-25,1571.447
2011-06-01,1599.81
2011-06-08,1630.85
2011-06-15,1650.065
2011-06-22,1590.364
2011-06-29,1617.276
2011-07-06,1650.63
2011-07-13,1679.08
2011-07-20,1636.929
2011-07-27,1652.667
2011-08-03,1624.803
2011-08-10,1649.269
2011-08-17,1621.14
2011-08-24,1605.613
2011-08-31,1611.435
2011-09-07,1615.771
2011-09-14,1617.86
2011-09-21,1567.602
2011-09-28,1576.801
2011-10-05,1604.285
2011-10-12,1624.516
2011-10-19,1600.008
2011-10-26,1568.317
2011-11-02,1571.93
2011-11-09,1568.521
2011-11-16,1583.716
2011-11-23,1505.201
2011-11-30,1520.197
2011-12-07,1546.608
2011-12-14,1601.495
2011-12-21,1509.961
2011-12-28,1534.135
2012-01-04,1564.841
2012-01-11,1572.456
2012-01-18,1593.378
2012-01-25,1529.646
2012-02-01,1572.71
2012-02-08,1600.651
2012-02-15,1634.172
2012-02-22,1621.626
2012-02-29,1607.919
2012-03-07,1591.922
2012-03-14,1579.394
2012-03-21,1523.382
2012-03-28,1526.338
2012-04-04,1548.61
2012-04-11,1550.552
2012-04-18,1562.988
2012-04-25,1539.135
2012-05-02,1492.46
2012-05-09,1497.049
2012-05-16,1501.657
2012-05-23,1513.16
2012-05-30,1522.91
2012-06-06,1527.474
2012-06-13,1549.83
2012-06-20,1496.509
2012-06-27,1461.231
2012-07-04,1500.156
2012-07-11,1514.001
2012-07-18,1543.311
2012-07-25,1551.501
2012-08-01,1561.819
2012-08-08,1553.199
2012-08-15,1555.394
2012-08-22,1511.753
2012-08-29,1502.317
2012-09-05,1518.165
2012-09-12,1505.899
2012-09-19,1453.315
2012-09-26,1424.89
2012-10-03,1446.881
2012-10-10,1469.565
2012-10-17,1483.095
2012-10-24,1477.35
2012-10-31,1494.414
2012-11-07,1509.945
2012-11-14,1483.331
2012-11-21,1503.622
2012-11-28,1485.795
2012-12-05,1526.122
2012-12-12,1520.217
2012-12-19,1517.22
2012-12-26,1503.482
2013-01-02,1503.866
2013-01-09,1543.024
2013-01-16,1584.948
2013-01-23,1586.337
2013-01-30,1632.732
2013-02-06,1654.331
2013-02-13,1683.304
2013-02-20,1667.383
2013-02-27,1683.532
2013-03-06,1748.067
2013-03-13,1760.956
2013-03-20,1753.364
2013-03-27,1776.369
2013-04-03,1801.101
2013-04-10,1843.724
2013-04-17,1855.933
2013-04-24,1818.122
2013-05-01,1831.841
2013-05-08,1853.217
2013-05-15,1917.007
2013-05-22,1961.69
2013-05-29,1979.2
2013-06-05,2018.582
2013-06-12,2031.047
2013-06-19,1994.315
2013-06-26,1981.754
2013-07-03,2023.336
2013-07-10,2070.591
2013-07-17,2092.289
2013-07-24,2094.92
2013-07-31,2154.522
2013-08-07,2171.441
2013-08-14,2175.545
2013-08-21,2193.671
2013-08-28,2222.481
2013-09-04,2266.587
2013-09-11,2265.831
2013-09-18,2293.383
2013-09-25,2278.603
2013-10-02,2311.359
2013-10-09,2359.39
2013-10-16,2370.944
2013-10-23,2357.446
2013-10-30,2424.917
2013-11-06,2440.588
2013-11-13,2449.114
2013-11-20,2473.552
2013-11-27,2466.785
2013-12-04,2492.609
2013-12-11,2524.024
2013-12-18,2521.3
2013-12-25,2474.155
2014-01-01,2374.633
2014-01-08,2453.039
2014-01-15,2527.883
2014-01-22,2522.89
2014-01-29,2519.198
2014-02-05,2542.276
2014-02-12,2589.669
2014-02-19,2616.352
2014-02-26,2599.898
2014-03-05,2629.608
2014-03-12,2652.021
2014-03-19,2644.893
2014-03-26,2612.237
2014-04-02,2581.373
2014-04-09,2684.341
2014-04-16,2724.744
2014-04-23,2641.132
2014-04-30,2609.418
2014-05-07,2597.621
2014-05-14,2630.836
2014-05-21,2657.729
2014-05-28,2629.199
2014-06-04,2679.071
2014-06-11,2709.51
2014-06-18,2703.925
2014-06-25,2640.303
2014-07-02,2578.697
2014-07-09,2622.832
2014-07-16,2639.685
2014-07-23,2792.302
2014-07-30,2809.004
2014-08-06,2789.33
2014-08-13,2786.792
2014-08-20,2790.174
2014-08-27,2778.794
2014-09-03,2777.409
2014-09-10,2787.045
2014-09-17,2797.996
2014-09-24,2732.58
2014-10-01,2705.717
2014-10-08,2749.347
2014-10-15,2793.29
2014-10-22,2688.613
2014-10-29,2629.809
2014-11-05,2561.062
2014-11-12,2568.099
2014-11-19,2520.171
2014-11-26,2486.574
2014-12-03,2449.444
2014-12-10,2433.138
2014-12-17,2786.907
2014-12-24,2681.801
2014-12-31,2574.784
2015-01-07,2600.598
2015-01-14,2753.903
2015-01-21,2722.392
2015-01-28,2665.153
2015-02-04,2684.263
2015-02-11,2536.607
2015-02-18,2457.419
2015-02-25,2328.963
2015-03-04,2522.095
2015-03-11,2688.257
2015-03-18,2782.935
2015-03-25,2706.627
2015-04-01,2667.344
2015-04-08,2744.497
2015-04-15,2793.314
2015-04-22,2679.047
2015-04-29,2593.777
2015-05-06,2595.402
2015-05-13,2619.317
2015-05-20,2635.118
2015-05-27,2510.791
2015-06-03,2444.765
2015-06-10,2654.281
2015-06-17,2621.304
2015-06-24,2530.324
2015-07-01,2457.406
2015-07-08,2555.1
2015-07-15,2620.137
2015-07-22,2631.543
2015-07-29,2624.646
2015-08-05,2598.529
2015-08-12,2558.957
2015-08-19,2528.568
2015-08-26,2682.256
2015-09-02,2682.003
2015-09-09,2731.228
2015-09-16,2696.511
2015-09-23,2622.865
2015-09-30,2514.321
2015-10-07,2632.633
2015-10-14,2697.18
2015-10-21,2693.306
2015-10-28,2657.762
2015-11-04,2642.566
2015-11-11,2655.976
2015-11-18,2634.137
2015-11-25,2553.608
2015-12-02,2518.901
2015-12-09,2523.87
2015-12-16,2535.562
2015-12-23,2408.573
2015-12-30,2306.241
2016-01-06,2121.654
2016-01-13,2421.899
2016-01-20,2454.769
2016-01-27,2395.752
2016-02-03,2374.971
2016-02-10,2441.826
2016-02-17,2478.361
2016-02-24,2421.445
2016-03-02,2481.508
2016-03-09,2515.893
2016-03-16,2499.512
2016-03-23,2422.534
2016-03-30,2408.417
2016-04-06,2391.977
2016-04-13,2496.83
2016-04-20,2470.25
2016-04-27,2374.158
2016-05-04,2361.0
2016-05-11,2401.68
2016-05-18,2416.214
2016-05-25,2332.537
2016-06-01,2393.953
2016-06-08,2429.639
2016-06-15,2449.153
2016-06-22,2361.897
2016-06-29,2256.344
2016-07-06,2253.41
2016-07-13,2310.766
2016-07-20,2327.654
2016-07-27,2322.008
2016-08-03,2332.761
2016-08-10,2395.226
2016-08-17,2328.544
2016-08-24,2358.138
2016-08-31,2337.96
2016-09-07,2373.809
2016-09-14,2368.491
2016-09-21,2244.467
2016-09-28,2131.792
2016-10-05,1999.935
2016-10-12,2129.766
2016-10-19,2147.216
2016-10-26,2061.583
2016-11-02,2107.987
2016-11-09,2175.67
2016-11-16,2167.766
2016-11-23,2130.901
2016-11-30,2096.684
2016-12-07,2143.979
2016-12-14,2138.296
2016-12-21,2023.009
2016-12-28,1952.555
2017-01-04,1845.396
2017-01-11,2068.178
2017-01-18,2148.195
2017-01-25,2116.497
2017-02-01,2155.126
2017-02-08,2220.721
2017-02-15,2246.912
2017-02-22,2239.022
2017-03-01,2261.623
2017-03-08,2343.906
2017-03-15,2360.216
2017-03-22,2311.413
2017-03-29,2308.932
2017-04-05,2233.858
2017-04-12,2358.407
2017-04-19,2343.34
2017-04-26,2239.041
2017-05-03,2173.987
2017-05-10,2232.191
2017-05-17,2240.327
2017-05-24,2222.412
2017-05-31,2221.628
2017-06-07,2272.308
2017-06-14,2274.716
2017-06-21,2209.82
2017-06-28,2162.742
2017-07-05,2076.34
2017-07-12,2220.769
2017-07-19,2254.092
2017-07-26,2280.565
2017-08-02,2271.315
2017-08-09,2332.293
2017-08-16,2336.388
2017-08-23,2359.64
2017-08-30,2364.546
2017-09-06,2366.129
2017-09-13,2358.933
2017-09-20,2292.801
2017-09-27,2212.709
2017-10-04,2149.215
2017-10-11,2264.498
2017-10-18,2281.294
2017-10-25,2243.832
2017-11-01,2243.215
2017-11-08,2311.929
2017-11-15,2336.255
2017-11-22,2339.907
2017-11-29,2294.895
2017-12-06,2325.09
2017-12-13,2352.562
2017-12-20,2269.164
2017-12-27,2201.425
2018-01-03,2045.93
2018-01-10,2232.897
2018-01-17,2249.899
2018-01-24,2210.944
2018-01-31,2203.63
2018-02-07,2244.845
2018-02-14,2253.929
2018-02-21,2223.38
2018-02-28,2232.947
2018-03-07,2252.016
2018-03-14,2204.829
2018-03-21,2123.587
2018-03-28,2113.321
2018-04-04,2094.045
2018-04-11,2119.965
2018-04-18,2141.39
2018-04-25,2052.59
2018-05-02,1994.584
2018-05-09,2025.75
2018-05-16,2036.27
2018-05-23,2021.946
2018-05-30,2019.681
2018-06-06,2029.579
2018-06-13,2057.269
2018-06-20,1971.983
2018-06-27,1940.847
2018-07-04,1917.987
2018-07-11,1958.085
2018-07-18,1967.119
2018-07-25,1947.119
2018-08-01,1937.548
2018-08-08,1951.389
2018-08-15,1922.547
2018-08-22,1883.254
2018-08-29,1883.924
2018-09-05,1895.01
2018-09-12,1920.976
2018-09-19,1879.896
2018-09-26,1832.5
2018-10-03,1801.576
2018-10-10,1865.065
2018-10-17,1853.533
2018-10-24,1817.608
2018-10-31,1802.252
2018-11-07,1826.131
2018-11-14,1801.383
2018-11-21,1757.729
2018-11-28,1738.659
2018-12-05,1738.141
2018-12-12,1735.539
2018-12-19,1699.138
2018-12-26,1661.223
2019-01-02,1621.856
2019-01-09,1650.387
2019-01-16,1664.138
2019-01-23,1621.876
2019-01-30,1617.539
2019-02-06,1648.553
2019-02-13,1649.973
2019-02-20,1632.58
2019-02-27,1640.75
2019-03-06,1721.614
2019-03-13,1703.948
2019-03-20,1629.731
2019-03-27,1622.282
2019-04-03,1600.398
2019-04-10,1634.591
2019-04-17,1604.479
2019-04-24,1505.43
2019-05-01,1461.419
2019-05-08,1484.975
2019-05-15,1509.867
2019-05-22,1518.157
2019-05-29,1544.711
2019-06-05,1537.089
2019-06-12,1586.963
2019-06-19,1567.955
2019-06-26,1504.737
2019-07-03,1456.496
2019-07-10,1499.806
2019-07-17,1515.664
2019-07-24,1518.322
2019-07-31,1534.523
2019-08-07,1539.244
2019-08-14,1550.406
2019-08-21,1516.045
2019-08-28,1498.68
2019-09-04,1487.555
2019-09-11,1456.796
2019-09-18,1394.122
2019-09-25,1400.171
2019-10-02,1469.2
2019-10-09,1506.455
2019-10-16,1480.368
2019-10-23,1449.043
2019-10-30,1483.702
2019-11-06,1523.939
2019-11-13,1532.316
2019-11-20,1518.759
2019-11-27,1526.697
2019-12-04,1573.261
2019-12-11,1638.657
2019-12-18,1660.249
2019-12-25,1651.927
2020-01-01,1615.846
2020-01-08,1654.086
2020-01-15,1686.801
2020-01-22,1621.689
2020-01-29,1616.342
2020-02-05,1645.016
2020-02-12,1675.566
2020-02-19,1654.118
2020-02-26,1626.469
2020-03-04,1698.855
2020-03-11,1744.525
2020-03-18,1895.588
2020-03-25,2186.971
2020-04-01,2533.908
2020-04-08,2760.451
2020-04-15,2919.041
2020-04-22,3103.504
2020-04-29,3159.142
2020-05-06,3158.938
2020-05-13,3156.929
2020-05-20,3273.303
2020-05-27,3268.144
2020-06-03,3237.461
2020-06-10,3182.228
2020-06-17,3078.491
2020-06-24,2918.756
2020-07-01,2884.819
2020-07-08,2813.967
2020-07-15,2777.603
2020-07-22,2631.78
2020-07-29,2615.272
2020-08-05,2713.287
2020-08-12,2788.961
2020-08-19,2827.685
2020-08-26,2815.794
2020-09-02,2851.916
2020-09-09,2857.463
2020-09-16,2885.412
2020-09-23,2830.499
2020-09-30,2839.316
2020-10-07,2840.86
2020-10-14,2861.929
2020-10-21,2860.48
2020-10-28,2880.781
2020-11-04,2966.737
2020-11-11,2976.17
2020-11-18,3043.822
2020-11-25,3083.636
2020-12-02,3117.307
2020-12-09,3117.48
2020-12-16,3168.24
2020-12-23,3143.041
2020-12-30,3122.156
2021-01-06,3068.284
2021-01-13,3183.917
2021-01-20,3154.624
2021-01-27,3163.008
2021-02-03,3193.118
2021-02-10,3258.919
2021-02-17,3378.907
2021-02-24,3369.02
2021-03-03,3503.12
2021-03-10,3592.01
2021-03-17,3681.03
2021-03-24,3826.375
2021-03-31,3876.162
2021-04-07,3932.949
2021-04-14,3977.813
2021-04-21,3825.455
2021-04-28,3829.269
2021-05-05,3873.728
2021-05-12,3947.565
2021-05-19,3919.807
2021-05-26,3805.178
2021-06-02,3814.127
2021-06-09,3874.371
2021-06-16,3940.038
2021-06-23,3808.042
2021-06-30,3780.791
2021-07-07,3870.568
2021-07-14,3903.058
2021-07-21,3972.94
2021-07-28,3984.371
2021-08-04,4005.578
2021-08-11,4090.506
2021-08-18,4186.711
2021-08-25,4167.748
2021-09-01,4193.981
2021-09-08,4250.506
2021-09-15,4271.184
2021-09-22,4156.747
2021-09-29,4125.348
2021-10-06,4130.05
2021-10-13,4194.503
2021-10-20,4134.714
2021-10-27,4077.17
2021-11-03,4086.336
2021-11-10,4169.041
2021-11-17,4209.802
2021-11-24,4162.81
2021-12-01,4224.865
2021-12-08,4275.806
2021-12-15,4251.431
2021-12-22,4185.009
2021-12-29,4116.196
2022-01-05,3859.731
2022-01-12,3973.554
2022-01-19,3932.521
2022-01-26,3796.174
2022-02-02,3789.714
2022-02-09,3771.911
2022-02-16,3799.973
2022-02-23,3769.869
2022-03-02,3844.716
2022-03-09,3959.659
2022-03-16,3961.721
2022-03-23,3801.095
2022-03-30,3829.68
2022-04-06,3834.183
2022-04-13,3823.644
2022-04-20,3652.101
2022-04-27,3331.982
2022-05-04,3296.085
2022-05-11,3288.552
2022-05-18,3356.377
2022-05-25,3306.18
2022-06-01,3322.03
2022-06-08,3339.405
2022-06-15,3283.954
2022-06-22,3147.556
2022-06-29,3130.087
2022-07-06,3190.627
2022-07-13,3273.436
2022-07-20,3284.324
2022-07-27,3256.875
2022-08-03,3259.011
2022-08-10,3348.147
2022-08-17,3346.75
2022-08-24,3307.365
2022-08-31,3248.654
2022-09-07,3285.498
2022-09-14,3234.928
2022-09-21,3104.032
2022-09-28,2960.598
2022-10-05,2972.874
2022-10-12,3087.912
2022-10-19,3092.044
2022-10-26,3042.838
2022-11-02,3062.727
2022-11-09,3067.888
2022-11-16,3128.277
2022-11-23,3160.73
2022-11-30,3168.995
2022-12-07,3199.048
2022-12-14,3188.634
2022-12-21,3088.621
2022-12-28,3017.889
2023-01-04,2830.144
2023-01-11,3081.237
2023-01-18,3147.332
2023-01-25,3031.889
2023-02-01,3015.506
2023-02-08,3037.584
2023-02-15,3041.038
2023-02-22,3016.577
2023-03-01,2998.303
2023-03-08,2999.72
2023-03-15,3251.482
2023-03-22,3425.075
2023-03-29,3437.592
2023-04-05,3292.058
2023-04-12,3413.989
2023-04-19,3303.152
2023-04-26,3135.655
2023-05-03,3089.706
2023-05-10,3196.429
2023-05-17,3248.878
2023-05-24,3240.172
2023-05-31,3309.447
2023-06-07,3349.751
2023-06-14,3325.261
2023-06-21,3251.558
2023-06-28,3171.567
2023-07-05,3114.989
2023-07-12,3166.607
2023-07-19,3230.457
2023-07-26,3172.244
2023-08-02,3189.533
2023-08-09,3222.856
2023-08-16,3245.971
2023-08-23,3186.789
2023-08-30,3238.345
2023-09-06,3307.291
2023-09-13,3335.459
2023-09-20,3231.649
2023-09-27,3170.324
2023-10-04,3145.72
2023-10-11,3288.945
2023-10-18,3353.881
2023-10-25,3261.886
2023-11-01,3267.216
2023-11-08,3328.908
2023-11-15,3391.713
2023-11-22,3453.853
2023-11-29,3441.581
2023-12-06,3513.374
2023-12-13,3540.619
2023-12-20,3536.105
2023-12-27,3446.459
2024-01-03,3262.895
2024-01-10,3498.748
2024-01-17,3611.719
2024-01-24,3526.683
2024-01-31,3526.23
2024-02-07,3599.323
2024-02-14,3540.945
2024-02-21,3565.999
2024-02-28,3567.552
2024-03-06,3626.176
2024-03-13,3624.633
2024-03-20,3553.424
2024-03-27,3496.121
2024-04-03,3414.288
2024-04-10,3586.845
2024-04-17,3522.717
2024-04-24,3324.363
2024-05-01,3252.733
2024-05-08,3331.156
2024-05-15,3369.747
2024-05-22,3390.794
2024-05-29,3409.342
2024-06-05,3408.31
2024-06-12,3455.134
2024-06-19,3434.274
2024-06-26,3302.647
2024-07-03,3184.18
2024-07-10,3341.977
2024-07-17,3331.425
2024-07-24,3308.58
2024-07-31,3293.519
2024-08-07,3351.662
2024-08-14,3346.138
2024-08-21,3355.586
2024-08-28,3313.566
2024-09-04,3243.002
2024-09-11,3320.818
2024-09-18,3313.281
2024-09-25,3169.149
2024-10-02,3089.598
2024-10-09,3186.207
2024-10-16,3209.877
2024-10-23,3230.145
2024-10-30,3236.958
2024-11-06,3274.12
2024-11-13,3244.149
2024-11-20,3286.885
2024-11-27,3227.674
2024-12-04,3225.075
2024-12-11,3264.559
2024-12-18,3282.229
2024-12-25,3247.382
2025-01-01,3095.997
2025-01-08,3254.743
2025-01-15,3340.816
2025-01-22,3332.278
2025-01-29,3224.785
2025-02-05,3177.065
2025-02-12,3220.027
2025-02-19,3270.082
2025-02-26,3327.249
2025-03-05,3312.625
2025-03-12,3400.235
2025-03-19,3467.789
2025-03-26,3450.933
2025-04-02,3379.339
2025-04-09,3474.682
2025-04-16,3452.03
2025-04-23,3256.734
2025-04-30,3219.214
2025-05-07,3218.636
2025-05-14,3235.723
2025-05-21,3289.469
2025-05-28,3270.661
2025-06-04,3294.381
2025-06-11,3407.108
2025-06-18,3406.366
2025-06-25,3369.328
2025-07-02,3225.98
2025-07-09,3330.249
2025-07-16,3398.822
2025-07-23,3362.277
2025-07-30,3347.414
2025-08-06,3332.492
2025-08-13,3320.05
